 Sales,COGS,Country,Date,Discount Band,Discounts,Gross Sales,Manufacturing Price,Month Name,Month Number,Product,Profit,Sale Price,Segment,Units Sold,Year,NAME OF COUNTRY,PROFIT RANGE,REVENUE,SALES RANGE
1655.08,1285,Canada,5/1/2014,Medium,143.92,1799,10,May,5,Paseo,370.08,7,Government,257,2014,Ca,LOW,1799,LOW SALES
1685.6,1400,Germany,12/1/2014,High,274.4,1960,3,December,12,Carretera,285.6,7,Government,280,2014,Ge,LOW,1960,LOW SALES
1685.6,1400,Germany,12/1/2014,High,274.4,1960,250,December,12,VTT,285.6,7,Government,280,2014,Ge,LOW,1960,HIGH SALES
1730.54,1315,United States of America,11/1/2013,Medium,110.46,1841,3,November,11,Carretera,415.54,7,Government,263,2013,Un,HIGH,1841,LOW SALES
1763.86,1465,France,2/1/2014,High,287.14,2051,5,February,2,Montana,298.86,7,Government,293,2014,Fr,LOW,2051,HIGH SALES
1822.59,1315,Germany,3/1/2014,Low,18.41,1841,250,March,3,VTT,507.59,7,Government,263,2014,Ge,LOW,1841,LOW SALES
2293.2,1800,Germany,10/1/2014,Medium,226.8,2520,10,October,10,Paseo,493.2,7,Government,360,2014,Ge,HIGH,2520,LOW SALES
2293.2,1800,Germany,10/1/2014,Medium,226.8,2520,250,October,10,VTT,493.2,7,Government,360,2014,Ge,HIGH,2520,HIGH SALES
2335.76,1940,Canada,9/1/2014,High,380.24,2716,5,September,9,Montana,395.76,7,Government,388,2014,Ca,HIGH,2716,HIGH SALES
2367.4,1900,United States of America,9/1/2013,High,292.6,2660,10,September,9,Paseo,467.4,7,Government,380,2013,Un,HIGH,2660,HIGH SALES
2508.66,1810,Mexico,5/1/2014,Low,25.34,2534,120,May,5,Velo,698.66,7,Government,362,2014,Me,HIGH,2534,HIGH SALES
3139.2,2180,Canada,9/1/2014,Low,130.8,3270,10,September,9,Paseo,959.2,15,Midmarket,218,2014,Ca,HIGH,3270,HIGH SALES
3142.72,2440,Canada,2/1/2014,Medium,273.28,3416,5,February,2,Montana,702.72,7,Government,488,2014,Ca,HIGH,3416,HIGH SALES
3318.77,2605,Mexico,12/1/2014,Medium,328.23,3647,3,December,12,Carretera,713.77,7,Government,521,2014,Me,HIGH,3647,HIGH SALES
3318.77,2605,Mexico,12/1/2014,Medium,328.23,3647,250,December,12,VTT,713.77,7,Government,521,2014,Me,HIGH,3647,HIGH SALES
3341.52,918,France,12/1/2013,Medium,330.48,3672,260,December,12,Amarilla,2423.52,12,Channel Partners,306,2013,Fr,HIGH,3672,HIGH SALES
3344.25,2450,Mexico,5/1/2014,Medium,330.75,3675,120,May,5,Velo,894.25,15,Midmarket,245,2014,Me,HIGH,3675,HIGH SALES
3560.97,2735,United States of America,11/1/2014,Medium,268.03,3829,120,November,11,Velo,825.97,7,Government,547,2014,Un,HIGH,3829,HIGH SALES
3586.2,2780,Germany,2/1/2014,High,583.8,4170,10,February,2,Paseo,806.2,15,Midmarket,278,2014,Ge,HIGH,4170,HIGH SALES
3693.76,2720,France,9/1/2014,Low,114.24,3808,5,September,9,Montana,973.76,7,Government,544,2014,Fr,HIGH,3808,HIGH SALES
3790.5,2850,United States of America,12/1/2014,Medium,199.5,3990,3,December,12,Carretera,940.5,7,Government,570,2014,Un,HIGH,3990,HIGH SALES
3790.5,2850,United States of America,12/1/2014,Medium,199.5,3990,250,December,12,VTT,940.5,7,Government,570,2014,Un,HIGH,3990,HIGH SALES
4007.64,1101,Mexico,10/1/2013,Medium,396.36,4404,3,October,10,Carretera,2906.64,12,Channel Partners,367,2013,Me,HIGH,4404,HIGH SALES
4007.64,1101,Mexico,10/1/2013,Medium,396.36,4404,10,October,10,Paseo,2906.64,12,Channel Partners,367,2013,Me,HIGH,4404,HIGH SALES
4168.8,1158,United States of America,10/1/2013,High,463.2,4632,3,October,10,Carretera,3010.8,12,Channel Partners,386,2013,Un,HIGH,4632,HIGH SALES
4168.8,1158,United States of America,10/1/2013,High,463.2,4632,10,October,10,Paseo,3010.8,12,Channel Partners,386,2013,Un,HIGH,4632,HIGH SALES
4280.4,1230,Mexico,10/1/2014,High,639.6,4920,120,October,10,Velo,3050.4,12,Channel Partners,410,2014,Me,HIGH,4920,HIGH SALES
4280.4,1230,Mexico,10/1/2014,High,639.6,4920,260,October,10,Amarilla,3050.4,12,Channel Partners,410,2014,Me,HIGH,4920,HIGH SALES
4301.85,3615,Canada,4/1/2014,High,759.15,5061,10,April,4,Paseo,686.85,7,Government,723,2014,Ca,HIGH,5061,HIGH SALES
4338,2410,Germany,10/1/2014,High,482,4820,10,October,10,Paseo,1928,20,Government,241,2014,Ge,HIGH,4820,HIGH SALES
4338,2410,Germany,10/1/2014,High,482,4820,120,October,10,Velo,1928,20,Government,241,2014,Ge,HIGH,4820,HIGH SALES
4366.32,3390,United States of America,8/1/2014,Medium,379.68,4746,10,August,8,Paseo,976.32,7,Government,678,2014,Un,HIGH,4746,HIGH SALES
4404,1101,Germany,7/1/2014,None,0,4404,10,July,7,Paseo,3303,12,Channel Partners,367,2014,Ge,HIGH,4404,HIGH SALES
4428.27,3195,France,11/1/2014,Low,44.73,4473,120,November,11,Velo,1233.27,7,Government,639,2014,Fr,HIGH,4473,HIGH SALES
4472,2600,Mexico,2/1/2014,High,728,5200,10,February,2,Paseo,1872,20,Government,260,2014,Me,HIGH,5200,HIGH SALES
4539,2670,United States of America,10/1/2013,High,801,5340,10,October,10,Paseo,1869,20,Government,267,2013,Un,HIGH,5340,HIGH SALES
4539,2670,United States of America,10/1/2013,High,801,5340,250,October,10,VTT,1869,20,Government,267,2013,Un,HIGH,5340,HIGH SALES
4766.85,3210,France,11/1/2013,Low,48.15,4815,260,November,11,Amarilla,1556.85,15,Midmarket,321,2013,Fr,HIGH,4815,HIGH SALES
4981,2930,France,12/1/2014,High,879,5860,10,December,12,Paseo,2051,20,Government,293,2014,Fr,HIGH,5860,HIGH SALES
4981,2930,France,12/1/2014,High,879,5860,250,December,12,VTT,2051,20,Government,293,2014,Fr,HIGH,5860,HIGH SALES
5016,3800,Mexico,12/1/2013,High,684,5700,10,December,12,Paseo,1216,15,Midmarket,380,2013,Me,HIGH,5700,HIGH SALES
5040.96,1416,Germany,10/1/2014,High,623.04,5664,120,October,10,Velo,3624.96,12,Channel Partners,472,2014,Ge,HIGH,5664,HIGH SALES
5040.96,1416,Germany,10/1/2014,High,623.04,5664,260,October,10,Amarilla,3624.96,12,Channel Partners,472,2014,Ge,HIGH,5664,HIGH SALES
5100,1500,Mexico,3/1/2014,High,900,6000,120,March,3,Velo,3600,12,Channel Partners,500,2014,Me,HIGH,6000,HIGH SALES
5126.4,3840,Canada,1/1/2014,High,633.6,5760,120,January,1,Velo,1286.4,15,Midmarket,384,2014,Ca,HIGH,5760,HIGH SALES
5217.03,4095,Canada,7/1/2014,Medium,515.97,5733,3,July,7,Carretera,1122.03,7,Government,819,2014,Ca,HIGH,5733,HIGH SALES
5840,2920,Canada,2/1/2014,None,0,5840,10,February,2,Paseo,2920,20,Government,292,2014,Ca,HIGH,5840,HIGH SALES
5961.24,1713,Mexico,7/1/2014,High,890.76,6852,10,July,7,Paseo,4248.24,12,Channel Partners,571,2014,Me,HIGH,6852,HIGH SALES
6181,4415,Mexico,8/1/2014,None,0,6181,10,August,8,Paseo,1766,7,Government,883,2014,Me,HIGH,6181,HIGH SALES
6273,4920,Germany,7/1/2014,High,1107,7380,250,July,7,VTT,1353,15,Midmarket,492,2014,Ge,HIGH,7380,HIGH SALES
6305.76,1812,Mexico,6/1/2014,High,942.24,7248,5,June,6,Montana,4493.76,12,Channel Partners,604,2014,Me,HIGH,7248,HIGH SALES
6305.76,1812,Mexico,6/1/2014,High,942.24,7248,120,June,6,Velo,4493.76,12,Channel Partners,604,2014,Me,HIGH,7248,HIGH SALES
6339.36,1686,Mexico,9/1/2014,Medium,404.64,6744,3,September,9,Carretera,4653.36,12,Channel Partners,562,2014,Me,HIGH,6744,HIGH SALES
6601.92,1794,Canada,3/1/2014,Medium,574.08,7176,120,March,3,Velo,4807.92,12,Channel Partners,598,2014,Ca,HIGH,7176,HIGH SALES
6711.81,5155,France,9/1/2013,Medium,505.19,7217,10,September,9,Paseo,1556.81,7,Government,1031,2013,Fr,HIGH,7217,HIGH SALES
6756.4,5080,Germany,11/1/2013,Medium,355.6,7112,3,November,11,Carretera,1676.4,7,Government,1016,2013,Ge,HIGH,7112,HIGH SALES
6762,4900,France,11/1/2014,Medium,588,7350,3,November,11,Carretera,1862,15,Midmarket,490,2014,Fr,HIGH,7350,HIGH SALES
6885,5100,Germany,4/1/2014,High,765,7650,120,April,4,Velo,1785,15,Midmarket,510,2014,Ge,HIGH,7650,HIGH SALES
7051.8,5475,Germany,5/1/2014,Medium,613.2,7665,10,May,5,Paseo,1576.8,7,Government,1095,2014,Ge,HIGH,7665,HIGH SALES
7137.9,5150,France,5/1/2014,Low,72.1,7210,10,May,5,Paseo,1987.9,7,Government,1030,2014,Fr,HIGH,7210,HIGH SALES
7247.1,5950,France,6/1/2014,High,1082.9,8330,120,June,6,Velo,1297.1,7,Government,1190,2014,Fr,HIGH,8330,HIGH SALES
7247.1,5950,France,6/1/2014,High,1082.9,8330,260,June,6,Amarilla,1297.1,7,Government,1190,2014,Fr,HIGH,8330,HIGH SALES
7388.85,5675,Canada,6/1/2014,Medium,556.15,7945,120,June,6,Velo,1713.85,7,Government,1135,2014,Ca,HIGH,7945,HIGH SALES
7388.85,5675,Canada,6/1/2014,Medium,556.15,7945,260,June,6,Amarilla,1713.85,7,Government,1135,2014,Ca,HIGH,7945,HIGH SALES
7690.8,4420,Germany,9/1/2013,High,1149.2,8840,3,September,9,Carretera,3270.8,20,Government,442,2013,Ge,HIGH,8840,HIGH SALES
7707.35,5795,Germany,10/1/2013,Medium,405.65,8113,5,October,10,Montana,1912.35,7,Government,1159,2013,Ge,HIGH,8113,HIGH SALES
7707.35,5795,Germany,10/1/2013,Medium,405.65,8113,260,October,10,Amarilla,1912.35,7,Government,1159,2013,Ge,HIGH,8113,HIGH SALES
7904.82,6490,United States of America,2/1/2014,High,1181.18,9086,5,February,2,Montana,1414.82,7,Government,1298,2014,Un,HIGH,9086,HIGH SALES
7908.75,5550,United States of America,1/1/2014,Medium,416.25,8325,120,January,1,Velo,2358.75,15,Midmarket,555,2014,Un,HIGH,8325,HIGH SALES
8001,5715,United States of America,10/1/2014,None,0,8001,10,October,10,Paseo,2286,7,Government,1143,2014,Un,HIGH,8001,HIGH SALES
8001,5715,United States of America,10/1/2014,None,0,8001,260,October,10,Amarilla,2286,7,Government,1143,2014,Un,HIGH,8001,HIGH SALES
8031.6,4365,United States of America,7/1/2014,Medium,698.4,8730,250,July,7,VTT,3666.6,20,Government,436.5,2014,Un,HIGH,8730,HIGH SALES
8107.96,6295,Germany,4/1/2014,Medium,705.04,8813,10,April,4,Paseo,1812.96,7,Government,1259,2014,Ge,HIGH,8813,HIGH SALES
8113.32,2181,Mexico,2/1/2014,Medium,610.68,8724,3,February,2,Carretera,5932.32,12,Channel Partners,727,2014,Me,HIGH,8724,HIGH SALES
8114.4,2070,Mexico,11/1/2014,Low,165.6,8280,5,November,11,Montana,6044.4,12,Channel Partners,690,2014,Me,HIGH,8280,HIGH SALES
8139.6,6840,Mexico,2/1/2014,High,1436.4,9576,5,February,2,Montana,1299.6,7,Government,1368,2014,Me,HIGH,9576,HIGH SALES
8235,5490,France,9/1/2013,None,0,8235,10,September,9,Paseo,2745,15,Midmarket,549,2013,Fr,HIGH,8235,HIGH SALES
8613,6600,Germany,9/1/2013,High,1287,9900,120,September,9,Velo,2013,15,Midmarket,660,2013,Ge,HIGH,9900,HIGH SALES
8653.5,6410,Mexico,7/1/2014,High,961.5,9615,250,July,7,VTT,2243.5,15,Midmarket,641,2014,Me,HIGH,9615,HIGH SALES
8744.25,6550,Mexico,9/1/2013,High,1080.75,9825,120,September,9,Velo,2194.25,15,Midmarket,655,2013,Me,HIGH,9825,HIGH SALES
8760.465,7192.5,United States of America,1/1/2014,High,1309.035,10069.5,10,January,1,Paseo,1567.965,7,Government,1438.5,2014,Un,HIGH,10069.5,HIGH SALES
8771.14,6665,Mexico,11/1/2014,Medium,559.86,9331,120,November,11,Velo,2106.14,7,Government,1333,2014,Me,HIGH,9331,HIGH SALES
8936.4,6770,United States of America,3/1/2014,High,1218.6,10155,5,March,3,Montana,2166.4,15,Midmarket,677,2014,Un,HIGH,10155,HIGH SALES
9100.08,2298,Germany,10/1/2013,Low,91.92,9192,3,October,10,Carretera,6802.08,12,Channel Partners,766,2013,Ge,HIGH,9192,HIGH SALES
9100.08,2298,Germany,10/1/2013,Low,91.92,9192,10,October,10,Paseo,6802.08,12,Channel Partners,766,2013,Ge,HIGH,9192,HIGH SALES
9123.8,6860,Germany,1/1/2014,Medium,480.2,9604,10,January,1,Paseo,2263.8,7,Government,1372,2014,Ge,HIGH,9604,HIGH SALES
9184.56,7455,France,3/1/2014,High,1252.44,10437,250,March,3,VTT,1729.56,7,Government,1491,2014,Fr,HIGH,10437,HIGH SALES
9189.18,6630,Canada,3/1/2014,Low,92.82,9282,250,March,3,VTT,2559.18,7,Government,1326,2014,Ca,HIGH,9282,HIGH SALES
9193.5,6810,Germany,1/1/2014,High,1021.5,10215,120,January,1,Velo,2383.5,15,Midmarket,681,2014,Ge,HIGH,10215,HIGH SALES
9225,6150,United States of America,12/1/2014,None,0,9225,5,December,12,Montana,3075,15,Midmarket,615,2014,Un,HIGH,9225,HIGH SALES
9225,6150,United States of America,12/1/2014,None,0,9225,260,December,12,Amarilla,3075,15,Midmarket,615,2014,Un,HIGH,9225,HIGH SALES
9231.74,7015,France,10/1/2013,Medium,589.26,9821,5,October,10,Montana,2216.74,7,Government,1403,2013,Fr,HIGH,9821,HIGH SALES
9231.74,7015,France,10/1/2013,Medium,589.26,9821,260,October,10,Amarilla,2216.74,7,Government,1403,2013,Fr,HIGH,9821,HIGH SALES
9322.8,2742,United States of America,12/1/2014,High,1645.2,10968,10,December,12,Paseo,6580.8,12,Channel Partners,914,2014,Un,HIGH,10968,HIGH SALES
9322.8,2742,United States of America,12/1/2014,High,1645.2,10968,120,December,12,Velo,6580.8,12,Channel Partners,914,2014,Un,HIGH,10968,HIGH SALES
9609.6,2640,Germany,5/1/2014,Medium,950.4,10560,250,May,5,VTT,6969.6,12,Channel Partners,880,2014,Ge,HIGH,10560,HIGH SALES
9662.4,6710,United States of America,10/1/2013,Low,402.6,10065,10,October,10,Paseo,2952.4,15,Midmarket,671,2013,Un,HIGH,10065,HIGH SALES
9662.4,6710,United States of America,10/1/2013,Low,402.6,10065,260,October,10,Amarilla,2952.4,15,Midmarket,671,2013,Un,HIGH,10065,HIGH SALES
9811.8,7110,Germany,12/1/2014,Medium,853.2,10665,5,December,12,Montana,2701.8,15,Midmarket,711,2014,Ge,HIGH,10665,HIGH SALES
9811.8,7110,Germany,12/1/2014,Medium,853.2,10665,260,December,12,Amarilla,2701.8,15,Midmarket,711,2014,Ge,HIGH,10665,HIGH SALES
9837.17,7895,United States of America,3/1/2014,High,1215.83,11053,250,March,3,VTT,1942.17,7,Government,1579,2014,Un,HIGH,11053,HIGH SALES
9856.84,7490,Mexico,6/1/2014,Medium,629.16,10486,120,June,6,Velo,2366.84,7,Government,1498,2014,Me,HIGH,10486,HIGH SALES
9856.84,7490,Mexico,6/1/2014,Medium,629.16,10486,250,June,6,VTT,2366.84,7,Government,1498,2014,Me,HIGH,10486,HIGH SALES
9976.32,2598,France,5/1/2014,Low,415.68,10392,250,May,5,VTT,7378.32,12,Channel Partners,866,2014,Fr,HIGH,10392,HIGH SALES
10262.07,8055,Canada,12/1/2013,Medium,1014.93,11277,5,December,12,Montana,2207.07,7,Government,1611,2013,Ca,HIGH,11277,HIGH SALES
10291.12,7990,Germany,8/1/2014,Medium,894.88,11186,10,August,8,Paseo,2301.12,7,Government,1598,2014,Ge,HIGH,11186,HIGH SALES
10298.82,7910,Canada,12/1/2014,Medium,775.18,11074,120,December,12,Velo,2388.82,7,Government,1582,2014,Ca,HIGH,11074,HIGH SALES
10298.82,7910,Canada,12/1/2014,Medium,775.18,11074,250,December,12,VTT,2388.82,7,Government,1582,2014,Ca,HIGH,11074,HIGH SALES
10396.54,8635,Mexico,10/1/2013,High,1692.46,12089,5,October,10,Montana,1761.54,7,Government,1727,2013,Me,HIGH,12089,HIGH SALES
10396.54,8635,Mexico,10/1/2013,High,1692.46,12089,260,October,10,Amarilla,1761.54,7,Government,1727,2013,Me,HIGH,12089,HIGH SALES
10420.62,8655,France,10/1/2014,High,1696.38,12117,10,October,10,Paseo,1765.62,7,Government,1731,2014,Fr,HIGH,12117,HIGH SALES
10420.62,8655,France,10/1/2014,High,1696.38,12117,260,October,10,Amarilla,1765.62,7,Government,1731,2014,Fr,HIGH,12117,HIGH SALES
10423.2,6060,United States of America,4/1/2014,High,1696.8,12120,120,April,4,Velo,4363.2,20,Government,606,2014,Un,HIGH,12120,HIGH SALES
10451,7465,Mexico,1/1/2014,None,0,10451,120,January,1,Velo,2986,7,Government,1493,2014,Me,HIGH,10451,HIGH SALES
10569.12,2724,Canada,12/1/2013,Low,326.88,10896,3,December,12,Carretera,7845.12,12,Channel Partners,908,2013,Ca,HIGH,10896,HIGH SALES
10575.72,3039,Germany,12/1/2014,High,1580.28,12156,10,December,12,Paseo,7536.72,12,Channel Partners,1013,2014,Ge,HIGH,12156,HIGH SALES
10575.72,3039,Germany,12/1/2014,High,1580.28,12156,120,December,12,Velo,7536.72,12,Channel Partners,1013,2014,Ge,HIGH,12156,HIGH SALES
10662.4,5440,Mexico,12/1/2013,Low,217.6,10880,120,December,12,Velo,5222.4,20,Government,544,2013,Me,HIGH,10880,HIGH SALES
10665,7900,United States of America,5/1/2014,High,1185,11850,120,May,5,Velo,2765,15,Midmarket,790,2014,Un,HIGH,11850,HIGH SALES
10733.4,3015,Mexico,9/1/2013,High,1326.6,12060,250,September,9,VTT,7718.4,12,Channel Partners,1005,2013,Me,HIGH,12060,HIGH SALES
10936.8,5880,Germany,12/1/2013,Medium,823.2,11760,120,December,12,Velo,5056.8,20,Government,588,2013,Ge,HIGH,11760,HIGH SALES
10944,2736,United States of America,11/1/2013,None,0,10944,10,November,11,Paseo,8208,12,Channel Partners,912,2013,Un,HIGH,10944,HIGH SALES
11092.95,7470,Germany,9/1/2014,Low,112.05,11205,10,September,9,Paseo,3622.95,15,Midmarket,747,2014,Ge,HIGH,11205,HIGH SALES
11191.95,8415,Mexico,7/1/2014,Medium,589.05,11781,260,July,7,Amarilla,2776.95,7,Government,1683,2014,Me,HIGH,11781,HIGH SALES
11263.84,9040,Canada,11/1/2014,High,1392.16,12656,120,November,11,Velo,2223.84,7,Government,1808,2014,Ca,HIGH,12656,HIGH SALES
11327.4,6090,Mexico,8/1/2014,Medium,852.6,12180,120,August,8,Velo,5237.4,20,Government,609,2014,Me,HIGH,12180,HIGH SALES
11802,8430,Germany,7/1/2014,None,0,11802,260,July,7,Amarilla,3372,7,Government,1686,2014,Ge,HIGH,11802,HIGH SALES
11868,6450,Germany,7/1/2014,Medium,1032,12900,5,July,7,Montana,5418,20,Government,645,2014,Ge,HIGH,12900,HIGH SALES
11950.4,8800,Mexico,9/1/2013,Low,369.6,12320,10,September,9,Paseo,3150.4,7,Government,1760,2013,Me,HIGH,12320,HIGH SALES
12066.6,6630,Germany,5/1/2014,Medium,1193.4,13260,3,May,5,Carretera,5436.6,20,Government,663,2014,Ge,HIGH,13260,HIGH SALES
12406.8,3165,France,12/1/2014,Low,253.2,12660,10,December,12,Paseo,9241.8,12,Channel Partners,1055,2014,Fr,HIGH,12660,HIGH SALES
12406.8,3165,France,12/1/2014,Low,253.2,12660,120,December,12,Velo,9241.8,12,Channel Partners,1055,2014,Fr,HIGH,12660,HIGH SALES
12532.24,9730,Mexico,12/1/2013,Medium,1089.76,13622,10,December,12,Paseo,2802.24,7,Government,1946,2013,Me,HIGH,13622,HIGH SALES
12681.9,9150,Canada,8/1/2014,Low,128.1,12810,5,August,8,Montana,3531.9,7,Government,1830,2014,Ca,HIGH,12810,HIGH SALES
12722.4,3348,Germany,2/1/2014,Medium,669.6,13392,3,February,2,Carretera,9374.4,12,Channel Partners,1116,2014,Ge,HIGH,13392,HIGH SALES
12747.84,3252,Mexico,12/1/2014,Low,260.16,13008,10,December,12,Paseo,9495.84,12,Channel Partners,1084,2014,Me,HIGH,13008,HIGH SALES
12747.84,3252,Mexico,12/1/2014,Low,260.16,13008,120,December,12,Velo,9495.84,12,Channel Partners,1084,2014,Me,HIGH,13008,HIGH SALES
12794.64,3594,France,10/1/2013,High,1581.36,14376,3,October,10,Carretera,9200.64,12,Channel Partners,1198,2013,Fr,HIGH,14376,HIGH SALES
12794.64,3594,France,10/1/2013,High,1581.36,14376,10,October,10,Paseo,9200.64,12,Channel Partners,1198,2013,Fr,HIGH,14376,HIGH SALES
12802.2,3369,Mexico,8/1/2014,Medium,673.8,13476,260,August,8,Amarilla,9433.2,12,Channel Partners,1123,2014,Me,HIGH,13476,HIGH SALES
13027.2,7080,Canada,6/1/2014,Medium,1132.8,14160,5,June,6,Montana,5947.2,20,Government,708,2014,Ca,HIGH,14160,HIGH SALES
13027.2,7080,Canada,6/1/2014,Medium,1132.8,14160,260,June,6,Amarilla,5947.2,20,Government,708,2014,Ca,HIGH,14160,HIGH SALES
13240.5,9700,Germany,11/1/2013,Medium,1309.5,14550,260,November,11,Amarilla,3540.5,15,Midmarket,970,2013,Ge,HIGH,14550,HIGH SALES
13294.82,9790,Germany,2/1/2014,Low,411.18,13706,5,February,2,Montana,3504.82,7,Government,1958,2014,Ge,HIGH,13706,HIGH SALES
13320,8880,Germany,6/1/2014,None,0,13320,3,June,6,Carretera,4440,15,Midmarket,888,2014,Ge,HIGH,13320,HIGH SALES
13320,8880,Germany,6/1/2014,None,0,13320,250,June,6,VTT,4440,15,Midmarket,888,2014,Ge,HIGH,13320,HIGH SALES
13429.92,3426,United States of America,6/1/2014,Low,274.08,13704,5,June,6,Montana,10003.92,12,Channel Partners,1142,2014,Un,HIGH,13704,HIGH SALES
13429.92,3426,United States of America,6/1/2014,Low,274.08,13704,10,June,6,Paseo,10003.92,12,Channel Partners,1142,2014,Un,HIGH,13704,HIGH SALES
13809.18,10065,United States of America,12/1/2013,Low,281.82,14091,10,December,12,Paseo,3744.18,7,Government,2013,2013,Un,HIGH,14091,HIGH SALES
13815,9210,Germany,3/1/2014,None,0,13815,5,March,3,Montana,4605,15,Midmarket,921,2014,Ge,HIGH,13815,HIGH SALES
13833.75,10625,Germany,12/1/2013,Medium,1041.25,14875,10,December,12,Paseo,3208.75,7,Government,2125,2013,Ge,HIGH,14875,HIGH SALES
14131.2,7360,United States of America,9/1/2013,Low,588.8,14720,120,September,9,Velo,6771.2,20,Government,736,2013,Un,HIGH,14720,HIGH SALES
14204.4,10680,France,12/1/2013,Medium,747.6,14952,10,December,12,Paseo,3524.4,7,Government,2136,2013,Fr,HIGH,14952,HIGH SALES
14375.76,4179,France,10/1/2014,High,2340.24,16716,10,October,10,Paseo,10196.76,12,Channel Partners,1393,2014,Fr,HIGH,16716,HIGH SALES
14375.76,4179,France,10/1/2014,High,2340.24,16716,260,October,10,Amarilla,10196.76,12,Channel Partners,1393,2014,Fr,HIGH,16716,HIGH SALES
14497.56,10460,Canada,11/1/2013,Low,146.44,14644,120,November,11,Velo,4037.56,7,Government,2092,2013,Ca,HIGH,14644,HIGH SALES
14610,9740,Mexico,2/1/2014,None,0,14610,10,February,2,Paseo,4870,15,Midmarket,974,2014,Me,HIGH,14610,HIGH SALES
14666.4,11640,United States of America,9/1/2014,High,1629.6,16296,5,September,9,Montana,3026.4,7,Government,2328,2014,Un,HIGH,16296,HIGH SALES
14713.5,8655,Canada,7/1/2014,High,2596.5,17310,250,July,7,VTT,6058.5,20,Government,865.5,2014,Ca,HIGH,17310,HIGH SALES
14714.7,10725,France,11/1/2013,Low,300.3,15015,3,November,11,Carretera,3989.7,7,Government,2145,2013,Fr,HIGH,15015,HIGH SALES
14907.2,12100,Mexico,9/1/2014,High,2032.8,16940,5,September,9,Montana,2807.2,7,Government,2420,2014,Me,HIGH,16940,HIGH SALES
14981.25,11750,Germany,10/1/2014,High,2643.75,17625,10,October,10,Paseo,3231.25,15,Midmarket,1175,2014,Ge,HIGH,17625,HIGH SALES
14981.25,11750,Germany,10/1/2014,High,2643.75,17625,250,October,10,VTT,3231.25,15,Midmarket,1175,2014,Ge,HIGH,17625,HIGH SALES
15022,10730,Germany,9/1/2014,None,0,15022,5,September,9,Montana,4292,7,Government,2146,2014,Ge,HIGH,15022,HIGH SALES
15056.72,11690,Germany,6/1/2014,Medium,1309.28,16366,120,June,6,Velo,3366.72,7,Government,2338,2014,Ge,HIGH,16366,HIGH SALES
15056.72,11690,Germany,6/1/2014,Medium,1309.28,16366,250,June,6,VTT,3366.72,7,Government,2338,2014,Ge,HIGH,16366,HIGH SALES
15083.25,12675,Mexico,4/1/2014,High,2661.75,17745,10,April,4,Paseo,2408.25,7,Government,2535,2014,Me,HIGH,17745,HIGH SALES
15180,4125,Mexico,12/1/2013,Medium,1320,16500,260,December,12,Amarilla,11055,12,Channel Partners,1375,2013,Me,HIGH,16500,HIGH SALES
15229.2,3885,Canada,10/1/2014,Low,310.8,15540,3,October,10,Carretera,11344.2,12,Channel Partners,1295,2014,Ca,HIGH,15540,HIGH SALES
15229.2,3885,Canada,10/1/2014,Low,310.8,15540,10,October,10,Paseo,11344.2,12,Channel Partners,1295,2014,Ca,HIGH,15540,HIGH SALES
15474.55,11635,United States of America,5/1/2014,Medium,814.45,16289,10,May,5,Paseo,3839.55,7,Government,2327,2014,Un,HIGH,16289,HIGH SALES
15513.96,12045,Germany,9/1/2013,Medium,1349.04,16863,10,September,9,Paseo,3468.96,7,Government,2409,2013,Ge,HIGH,16863,HIGH SALES
15620.85,11745,Canada,9/1/2013,Medium,822.15,16443,10,September,9,Paseo,3875.85,7,Government,2349,2013,Ca,HIGH,16443,HIGH SALES
15774.36,12660,France,4/1/2014,High,1949.64,17724,10,April,4,Paseo,3114.36,7,Government,2532,2014,Fr,HIGH,17724,HIGH SALES
15928,9050,Mexico,10/1/2014,High,2172,18100,10,October,10,Paseo,6878,20,Government,905,2014,Me,HIGH,18100,HIGH SALES
15928,9050,Mexico,10/1/2014,High,2172,18100,120,October,10,Velo,6878,20,Government,905,2014,Me,HIGH,18100,HIGH SALES
15940.98,4108.5,United States of America,7/1/2014,Low,493.02,16434,10,July,7,Paseo,11832.48,12,Channel Partners,1369.5,2014,Un,HIGH,16434,HIGH SALES
16121.4,8310,Canada,5/1/2014,Low,498.6,16620,3,May,5,Carretera,7811.4,20,Government,831,2014,Ca,HIGH,16620,HIGH SALES
16257.3,11530,United States of America,10/1/2014,Medium,1037.7,17295,10,October,10,Paseo,4727.3,15,Midmarket,1153,2014,Un,HIGH,17295,HIGH SALES
16257.3,11530,United States of America,10/1/2014,Medium,1037.7,17295,250,October,10,VTT,4727.3,15,Midmarket,1153,2014,Un,HIGH,17295,HIGH SALES
16418.64,13480,France,8/1/2014,High,2453.36,18872,10,August,8,Paseo,2938.64,7,Government,2696,2014,Fr,HIGH,18872,HIGH SALES
16538.55,12435,France,12/1/2014,Medium,870.45,17409,3,December,12,Carretera,4103.55,7,Government,2487,2014,Fr,HIGH,17409,HIGH SALES
16538.55,12435,France,12/1/2014,Medium,870.45,17409,250,December,12,VTT,4103.55,7,Government,2487,2014,Fr,HIGH,17409,HIGH SALES
16748.55,12270,France,10/1/2014,Medium,1656.45,18405,10,October,10,Paseo,4478.55,15,Midmarket,1227,2014,Fr,HIGH,18405,HIGH SALES
16748.55,12270,France,10/1/2014,Medium,1656.45,18405,250,October,10,VTT,4478.55,15,Midmarket,1227,2014,Fr,HIGH,18405,HIGH SALES
16789.5,13325,Germany,11/1/2014,High,1865.5,18655,120,November,11,Velo,3464.5,7,Government,2665,2014,Ge,HIGH,18655,HIGH SALES
16841.44,13670,Canada,10/1/2014,High,2296.56,19138,5,October,10,Montana,3171.44,7,Government,2734,2014,Ca,HIGH,19138,HIGH SALES
16841.44,13670,Canada,10/1/2014,High,2296.56,19138,260,October,10,Amarilla,3171.44,7,Government,2734,2014,Ca,HIGH,19138,HIGH SALES
16858.38,13530,Mexico,11/1/2013,High,2083.62,18942,3,November,11,Carretera,3328.38,7,Government,2706,2013,Me,HIGH,18942,HIGH SALES
16876.8,4395,United States of America,3/1/2014,Low,703.2,17580,120,March,3,Velo,12481.8,12,Channel Partners,1465,2014,Un,HIGH,17580,HIGH SALES
17166.6,4335,Canada,9/1/2014,Low,173.4,17340,3,September,9,Carretera,12831.6,12,Channel Partners,1445,2014,Ca,HIGH,17340,HIGH SALES
17253.6,4740,Germany,9/1/2014,Medium,1706.4,18960,3,September,9,Carretera,12513.6,12,Channel Partners,1580,2014,Ge,HIGH,18960,HIGH SALES
17476.06,14515,Mexico,3/1/2014,High,2844.94,20321,250,March,3,VTT,2961.06,7,Government,2903,2014,Me,HIGH,20321,HIGH SALES
17525.97,12645,United States of America,7/1/2014,Low,177.03,17703,3,July,7,Carretera,4880.97,7,Government,2529,2014,Un,HIGH,17703,HIGH SALES
17604.9,12620,Canada,5/1/2014,Medium,1325.1,18930,120,May,5,Velo,4984.9,15,Midmarket,1262,2014,Ca,HIGH,18930,HIGH SALES
17708.6,9730,United States of America,3/1/2014,Medium,1751.4,19460,10,March,3,Paseo,7978.6,20,Government,973,2014,Un,HIGH,19460,HIGH SALES
17881.85,13445,Mexico,10/1/2014,Medium,941.15,18823,10,October,10,Paseo,4436.85,7,Government,2689,2014,Me,HIGH,18823,HIGH SALES
17881.85,13445,Mexico,10/1/2014,Medium,941.15,18823,250,October,10,VTT,4436.85,7,Government,2689,2014,Me,HIGH,18823,HIGH SALES
18035.92,14980,United States of America,10/1/2013,High,2936.08,20972,3,October,10,Carretera,3055.92,7,Government,2996,2013,Un,HIGH,20972,HIGH SALES
18035.92,14980,United States of America,10/1/2013,High,2936.08,20972,5,October,10,Montana,3055.92,7,Government,2996,2013,Un,HIGH,20972,HIGH SALES
18421.2,5418,United States of America,5/1/2014,High,3250.8,21672,250,May,5,VTT,13003.2,12,Channel Partners,1806,2014,Un,HIGH,21672,HIGH SALES
18443.6,9410,France,11/1/2014,Low,376.4,18820,260,November,11,Amarilla,9033.6,20,Government,941,2014,Fr,HIGH,18820,HIGH SALES
18478.8,5310,Germany,12/1/2013,High,2761.2,21240,260,December,12,Amarilla,13168.8,12,Channel Partners,1770,2013,Ge,HIGH,21240,HIGH SALES
18519.12,5202,France,1/1/2014,High,2288.88,20808,250,January,1,VTT,13317.12,12,Channel Partners,1734,2014,Fr,HIGH,20808,HIGH SALES
18540,4635,Germany,6/1/2014,None,0,18540,5,June,6,Montana,13905,12,Channel Partners,1545,2014,Ge,HIGH,18540,HIGH SALES
18540,4635,Germany,6/1/2014,None,0,18540,120,June,6,Velo,13905,12,Channel Partners,1545,2014,Ge,HIGH,18540,HIGH SALES
18721.08,14535,United States of America,6/1/2014,Medium,1627.92,20349,120,June,6,Velo,4186.08,7,Government,2907,2014,Un,HIGH,20349,HIGH SALES
18721.08,14535,United States of America,6/1/2014,Medium,1627.92,20349,260,June,6,Amarilla,4186.08,7,Government,2907,2014,Un,HIGH,20349,HIGH SALES
18818.8,10010,Germany,8/1/2014,Medium,1201.2,20020,120,August,8,Velo,8808.8,20,Government,1001,2014,Ge,HIGH,20020,HIGH SALES
18891.6,10380,Mexico,6/1/2014,Medium,1868.4,20760,10,June,6,Paseo,8511.6,20,Government,1038,2014,Me,HIGH,20760,HIGH SALES
18891.6,10380,Mexico,6/1/2014,Medium,1868.4,20760,260,June,6,Amarilla,8511.6,20,Government,1038,2014,Me,HIGH,20760,HIGH SALES
19158.72,14255,Canada,10/1/2013,Low,798.28,19957,3,October,10,Carretera,4903.72,7,Government,2851,2013,Ca,HIGH,19957,HIGH SALES
19158.72,14255,Canada,10/1/2013,Low,798.28,19957,5,October,10,Montana,4903.72,7,Government,2851,2013,Ca,HIGH,19957,HIGH SALES
19383,5325,Germany,11/1/2013,Medium,1917,21300,10,November,11,Paseo,14058,12,Channel Partners,1775,2013,Ge,HIGH,21300,HIGH SALES
19401.66,5215.5,France,4/1/2014,Medium,1460.34,20862,250,April,4,VTT,14186.16,12,Channel Partners,1738.5,2014,Fr,HIGH,20862,HIGH SALES
19517.7,15130,Germany,11/1/2014,High,3177.3,22695,3,November,11,Carretera,4387.7,15,Midmarket,1513,2014,Ge,HIGH,22695,HIGH SALES
19627,10330,France,12/1/2013,Medium,1033,20660,120,December,12,Velo,9297,20,Government,1033,2013,Fr,HIGH,20660,HIGH SALES
19686,11580,Germany,3/1/2014,High,3474,23160,10,March,3,Paseo,8106,20,Government,1158,2014,Ge,HIGH,23160,HIGH SALES
19971.6,11220,Mexico,3/1/2014,High,2468.4,22440,10,March,3,Paseo,8751.6,20,Government,1122,2014,Me,HIGH,22440,HIGH SALES
20275.2,10560,United States of America,9/1/2014,Low,844.8,21120,10,September,9,Paseo,9715.2,20,Government,1056,2014,Un,HIGH,21120,HIGH SALES
20423.25,15650,Canada,10/1/2014,High,3051.75,23475,10,October,10,Paseo,4773.25,15,Midmarket,1565,2014,Ca,HIGH,23475,HIGH SALES
20423.25,15650,Canada,10/1/2014,High,3051.75,23475,250,October,10,VTT,4773.25,15,Midmarket,1565,2014,Ca,HIGH,23475,HIGH SALES
20578.5,16140,Canada,4/1/2014,High,3631.5,24210,10,April,4,Paseo,4438.5,15,Midmarket,1614,2014,Ca,HIGH,24210,HIGH SALES
20687.16,5811,Canada,2/1/2014,High,2556.84,23244,3,February,2,Carretera,14876.16,12,Channel Partners,1937,2014,Ca,HIGH,23244,HIGH SALES
20794.8,6045,United States of America,12/1/2013,High,3385.2,24180,260,December,12,Amarilla,14749.8,12,Channel Partners,2015,2013,Un,HIGH,24180,HIGH SALES
20794.8,11180,Canada,11/1/2014,Medium,1565.2,22360,260,November,11,Amarilla,9614.8,20,Government,1118,2014,Ca,HIGH,22360,HIGH SALES
20826,15600,Canada,11/1/2013,High,2574,23400,3,November,11,Carretera,5226,15,Midmarket,1560,2013,Ca,HIGH,23400,HIGH SALES
20991.6,5355,France,11/1/2013,Low,428.4,21420,10,November,11,Paseo,15636.6,12,Channel Partners,1785,2013,Fr,HIGH,21420,HIGH SALES
21009,11175,United States of America,1/1/2014,Medium,1341,22350,3,January,1,Carretera,9834,20,Government,1117.5,2014,Un,HIGH,22350,HIGH SALES
21025.44,5652,Canada,8/1/2014,Medium,1582.56,22608,3,August,8,Carretera,15373.44,12,Channel Partners,1884,2014,Ca,HIGH,22608,HIGH SALES
21076.44,17107.5,France,7/1/2014,High,2874.06,23950.5,260,July,7,Amarilla,3968.94,7,Government,3421.5,2014,Fr,HIGH,23950.5,HIGH SALES
21112.4,11230,Mexico,11/1/2013,Medium,1347.6,22460,250,November,11,VTT,9882.4,20,Government,1123,2013,Me,HIGH,22460,HIGH SALES
21261,5595,France,2/1/2014,Medium,1119,22380,3,February,2,Carretera,15666,12,Channel Partners,1865,2014,Fr,HIGH,22380,HIGH SALES
21359.52,5868,United States of America,1/1/2014,Medium,2112.48,23472,250,January,1,VTT,15491.52,12,Channel Partners,1956,2014,Un,HIGH,23472,HIGH SALES
21479.64,5901,France,3/1/2014,Medium,2124.36,23604,120,March,3,Velo,15578.64,12,Channel Partners,1967,2014,Fr,HIGH,23604,HIGH SALES
21573,15300,Germany,5/1/2014,Medium,1377,22950,120,May,5,Velo,6273,15,Midmarket,1530,2014,Ge,HIGH,22950,HIGH SALES
21700.8,12330,Mexico,12/1/2014,High,2959.2,24660,10,December,12,Paseo,9370.8,20,Government,1233,2014,Me,HIGH,24660,HIGH SALES
21700.8,12330,Mexico,12/1/2014,High,2959.2,24660,250,December,12,VTT,9370.8,20,Government,1233,2014,Me,HIGH,24660,HIGH SALES
21732.6,12490,Canada,10/1/2014,High,3247.4,24980,5,October,10,Montana,9242.6,20,Government,1249,2014,Ca,HIGH,24980,HIGH SALES
21732.6,12490,Canada,10/1/2014,High,3247.4,24980,10,October,10,Paseo,9242.6,20,Government,1249,2014,Ca,HIGH,24980,HIGH SALES
21801.6,15140,Mexico,10/1/2013,Low,908.4,22710,10,October,10,Paseo,6661.6,15,Midmarket,1514,2013,Me,HIGH,22710,HIGH SALES
21801.6,15140,Mexico,10/1/2013,Low,908.4,22710,250,October,10,VTT,6661.6,15,Midmarket,1514,2013,Me,HIGH,22710,HIGH SALES
22073.04,5574,United States of America,2/1/2014,Low,222.96,22296,3,February,2,Carretera,16499.04,12,Channel Partners,1858,2014,Un,HIGH,22296,HIGH SALES
22127.64,5703,France,6/1/2014,Low,684.36,22812,5,June,6,Montana,16424.64,12,Channel Partners,1901,2014,Fr,HIGH,22812,HIGH SALES
22127.64,5703,France,6/1/2014,Low,684.36,22812,10,June,6,Paseo,16424.64,12,Channel Partners,1901,2014,Fr,HIGH,22812,HIGH SALES
22256.325,16305,Canada,7/1/2014,Medium,2201.175,24457.5,260,July,7,Amarilla,5951.325,15,Midmarket,1630.5,2014,Ca,HIGH,24457.5,HIGH SALES
22271.04,6327,Canada,5/1/2014,High,3036.96,25308,250,May,5,VTT,15944.04,12,Channel Partners,2109,2014,Ca,HIGH,25308,HIGH SALES
22302.24,5748,Mexico,4/1/2014,Low,689.76,22992,250,April,4,VTT,16554.24,12,Channel Partners,1916,2014,Me,HIGH,22992,HIGH SALES
22482.9,15140,United States of America,2/1/2014,Low,227.1,22710,10,February,2,Paseo,7342.9,15,Midmarket,1514,2014,Un,HIGH,22710,HIGH SALES
22484.7,17430,Canada,10/1/2013,High,3660.3,26145,10,October,10,Paseo,5054.7,15,Midmarket,1743,2013,Ca,HIGH,26145,HIGH SALES
22484.7,17430,Canada,10/1/2013,High,3660.3,26145,260,October,10,Amarilla,5054.7,15,Midmarket,1743,2013,Ca,HIGH,26145,HIGH SALES
22663.08,5841,United States of America,9/1/2014,Low,700.92,23364,3,September,9,Carretera,16822.08,12,Channel Partners,1947,2014,Un,HIGH,23364,HIGH SALES
22794.3,17670,United States of America,9/1/2014,High,3710.7,26505,10,September,9,Paseo,5124.3,15,Midmarket,1767,2014,Un,HIGH,26505,HIGH SALES
22931.04,6666,Canada,11/1/2013,High,3732.96,26664,10,November,11,Paseo,16265.04,12,Channel Partners,2222,2013,Ca,HIGH,26664,HIGH SALES
23436,5859,United States of America,4/1/2014,None,0,23436,260,April,4,Amarilla,17577,12,Channel Partners,1953,2014,Un,HIGH,23436,HIGH SALES
23588.8,12820,United States of America,6/1/2014,Medium,2051.2,25640,5,June,6,Montana,10768.8,20,Government,1282,2014,Un,HIGH,25640,HIGH SALES
23588.8,12820,United States of America,6/1/2014,Medium,2051.2,25640,260,June,6,Amarilla,10768.8,20,Government,1282,2014,Un,HIGH,25640,HIGH SALES
23629.32,5967,United States of America,9/1/2013,Low,238.68,23868,260,September,9,Amarilla,17662.32,12,Channel Partners,1989,2013,Un,HIGH,23868,HIGH SALES
24035,12650,United States of America,11/1/2013,Medium,1265,25300,250,November,11,VTT,11385,20,Government,1265,2013,Un,HIGH,25300,HIGH SALES
24123,18700,Mexico,11/1/2013,High,3927,28050,260,November,11,Amarilla,5423,15,Midmarket,1870,2013,Me,HIGH,28050,HIGH SALES
24225.6,12360,United States of America,11/1/2014,Low,494.4,24720,260,November,11,Amarilla,11865.6,20,Government,1236,2014,Un,HIGH,24720,HIGH SALES
24395.28,6702,France,9/1/2013,Medium,2412.72,26808,250,September,9,VTT,17693.28,12,Channel Partners,2234,2013,Fr,HIGH,26808,HIGH SALES
24576.3,17430,Germany,8/1/2014,Medium,1568.7,26145,10,August,8,Paseo,7146.3,15,Midmarket,1743,2014,Ge,HIGH,26145,HIGH SALES
24719.4,6645,Germany,9/1/2013,Medium,1860.6,26580,250,September,9,VTT,18074.4,12,Channel Partners,2215,2013,Ge,HIGH,26580,HIGH SALES
24757,13030,France,2/1/2014,Medium,1303,26060,10,February,2,Paseo,11727,20,Government,1303,2014,Fr,HIGH,26060,HIGH SALES
25134.4,13660,Germany,6/1/2014,Medium,2185.6,27320,10,June,6,Paseo,11474.4,20,Government,1366,2014,Ge,HIGH,27320,HIGH SALES
25134.4,13660,Germany,6/1/2014,Medium,2185.6,27320,260,June,6,Amarilla,11474.4,20,Government,1366,2014,Ge,HIGH,27320,HIGH SALES
25345.32,6963,Canada,11/1/2014,Medium,2506.68,27852,5,November,11,Montana,18382.32,12,Channel Partners,2321,2014,Ca,HIGH,27852,HIGH SALES
25542,7425,France,8/1/2014,High,4158,29700,260,August,8,Amarilla,18117,12,Channel Partners,2475,2014,Fr,HIGH,29700,HIGH SALES
25692,6423,United States of America,8/1/2014,None,0,25692,260,August,8,Amarilla,19269,12,Channel Partners,2141,2014,Un,HIGH,25692,HIGH SALES
25904.34,7276.5,France,7/1/2014,High,3201.66,29106,10,July,7,Paseo,18627.84,12,Channel Partners,2425.5,2014,Fr,HIGH,29106,HIGH SALES
25932,6483,Germany,3/1/2014,None,0,25932,120,March,3,Velo,19449,12,Channel Partners,2161,2014,Ge,HIGH,25932,HIGH SALES
25932.72,6897,Canada,10/1/2013,Medium,1655.28,27588,3,October,10,Carretera,19035.72,12,Channel Partners,2299,2013,Ca,HIGH,27588,HIGH SALES
25932.72,6897,Canada,10/1/2013,Medium,1655.28,27588,10,October,10,Paseo,19035.72,12,Channel Partners,2299,2013,Ca,HIGH,27588,HIGH SALES
26114.4,7020,Mexico,1/1/2014,Medium,1965.6,28080,5,January,1,Montana,19094.4,12,Channel Partners,2340,2014,Me,HIGH,28080,HIGH SALES
26136.72,7026,France,11/1/2014,Medium,1967.28,28104,5,November,11,Montana,19110.72,12,Channel Partners,2342,2014,Fr,HIGH,28104,HIGH SALES
26391,13890,Canada,10/1/2013,Medium,1389,27780,10,October,10,Paseo,12501,20,Government,1389,2013,Ca,HIGH,27780,HIGH SALES
26391,13890,Canada,10/1/2013,Medium,1389,27780,250,October,10,VTT,12501,20,Government,1389,2013,Ca,HIGH,27780,HIGH SALES
26420,13210,Germany,1/1/2014,None,0,26420,3,January,1,Carretera,13210,20,Government,1321,2014,Ge,HIGH,26420,HIGH SALES
26430.6,14210,United States of America,12/1/2013,Medium,1989.4,28420,120,December,12,Velo,12220.6,20,Government,1421,2013,Un,HIGH,28420,HIGH SALES
26486.4,19840,Mexico,8/1/2014,High,3273.6,29760,10,August,8,Paseo,6646.4,15,Midmarket,1984,2014,Me,HIGH,29760,HIGH SALES
26698.8,7026,Germany,11/1/2014,Medium,1405.2,28104,5,November,11,Montana,19672.8,12,Channel Partners,2342,2014,Ge,HIGH,28104,HIGH SALES
26945.6,15310,Germany,12/1/2014,High,3674.4,30620,10,December,12,Paseo,11635.6,20,Government,1531,2014,Ge,HIGH,30620,HIGH SALES
26945.6,15310,Germany,12/1/2014,High,3674.4,30620,250,December,12,VTT,11635.6,20,Government,1531,2014,Ge,HIGH,30620,HIGH SALES
27234.9,13755,France,7/1/2014,Low,275.1,27510,5,July,7,Montana,13479.9,20,Government,1375.5,2014,Fr,HIGH,27510,HIGH SALES
27338.85,19725,France,1/1/2014,Low,276.15,27615,10,January,1,Paseo,7613.85,7,Government,3945,2014,Fr,HIGH,27615,HIGH SALES
27713.4,7293,Canada,12/1/2014,Medium,1458.6,29172,10,December,12,Paseo,20420.4,12,Channel Partners,2431,2014,Ca,HIGH,29172,HIGH SALES
27713.4,7293,Canada,12/1/2014,Medium,1458.6,29172,120,December,12,Velo,20420.4,12,Channel Partners,2431,2014,Ca,HIGH,29172,HIGH SALES
27799.2,7722,Germany,8/1/2014,High,3088.8,30888,260,August,8,Amarilla,20077.2,12,Channel Partners,2574,2014,Ge,HIGH,30888,HIGH SALES
27968,15200,Germany,11/1/2014,Medium,2432,30400,260,November,11,Amarilla,12768,20,Government,1520,2014,Ge,HIGH,30400,HIGH SALES
27972,20720,France,12/1/2014,High,3108,31080,5,December,12,Montana,7252,15,Midmarket,2072,2014,Fr,HIGH,31080,HIGH SALES
27972,20720,France,12/1/2014,High,3108,31080,260,December,12,Amarilla,7252,15,Midmarket,2072,2014,Fr,HIGH,31080,HIGH SALES
28100.16,7983,Mexico,5/1/2014,High,3831.84,31932,5,May,5,Montana,20117.16,12,Channel Partners,2661,2014,Me,HIGH,31932,HIGH SALES
28297.5,19250,United States of America,12/1/2013,Low,577.5,28875,10,December,12,Paseo,9047.5,15,Midmarket,1925,2013,Un,HIGH,28875,HIGH SALES
28299.75,19450,Germany,10/1/2013,Low,875.25,29175,10,October,10,Paseo,8849.75,15,Midmarket,1945,2013,Ge,HIGH,29175,HIGH SALES
28299.75,19450,Germany,10/1/2013,Low,875.25,29175,250,October,10,VTT,8849.75,15,Midmarket,1945,2013,Ge,HIGH,29175,HIGH SALES
28324.8,19670,Canada,3/1/2014,Low,1180.2,29505,5,March,3,Montana,8654.8,15,Midmarket,1967,2014,Ca,HIGH,29505,HIGH SALES
28551,15350,France,9/1/2014,Medium,2149,30700,10,September,9,Paseo,13201,20,Government,1535,2014,Fr,HIGH,30700,HIGH SALES
28566.72,21255,Canada,1/1/2014,Low,1190.28,29757,10,January,1,Paseo,7311.72,7,Government,4251,2014,Ca,HIGH,29757,HIGH SALES
28623,20300,United States of America,11/1/2014,Medium,1827,30450,3,November,11,Carretera,8323,15,Midmarket,2030,2014,Un,HIGH,30450,HIGH SALES
28795.95,21570,Mexico,12/1/2014,High,3559.05,32355,5,December,12,Montana,7225.95,15,Midmarket,2157,2014,Me,HIGH,32355,HIGH SALES
28795.95,21570,Mexico,12/1/2014,High,3559.05,32355,260,December,12,Amarilla,7225.95,15,Midmarket,2157,2014,Me,HIGH,32355,HIGH SALES
28855.56,7437,Germany,1/1/2014,Low,892.44,29748,250,January,1,VTT,21418.56,12,Channel Partners,2479,2014,Ge,HIGH,29748,HIGH SALES
29156.16,8283,Canada,9/1/2013,High,3975.84,33132,260,September,9,Amarilla,20873.16,12,Channel Partners,2761,2013,Ca,HIGH,33132,HIGH SALES
29246.4,20310,Mexico,10/1/2014,Low,1218.6,30465,5,October,10,Montana,8936.4,15,Midmarket,2031,2014,Me,HIGH,30465,HIGH SALES
29246.4,20310,Mexico,10/1/2014,Low,1218.6,30465,10,October,10,Paseo,8936.4,15,Midmarket,2031,2014,Me,HIGH,30465,HIGH SALES
29254.5,21670,France,10/1/2013,High,3250.5,32505,10,October,10,Paseo,7584.5,15,Midmarket,2167,2013,Fr,HIGH,32505,HIGH SALES
29254.5,21670,France,10/1/2013,High,3250.5,32505,250,October,10,VTT,7584.5,15,Midmarket,2167,2013,Fr,HIGH,32505,HIGH SALES
29308.95,21010,France,8/1/2014,Medium,2206.05,31515,10,August,8,Paseo,8298.95,15,Midmarket,2101,2014,Fr,HIGH,31515,HIGH SALES
29670,23000,Canada,12/1/2014,High,4830,34500,3,December,12,Carretera,6670,15,Midmarket,2300,2014,Ca,HIGH,34500,HIGH SALES
29670,23000,Canada,12/1/2014,High,4830,34500,5,December,12,Montana,6670,15,Midmarket,2300,2014,Ca,HIGH,34500,HIGH SALES
29697,15630,France,5/1/2014,Medium,1563,31260,3,May,5,Carretera,14067,20,Government,1563,2014,Fr,HIGH,31260,HIGH SALES
29979.6,17430,United States of America,5/1/2014,High,4880.4,34860,3,May,5,Carretera,12549.6,20,Government,1743,2014,Un,HIGH,34860,HIGH SALES
30001,15790,France,8/1/2014,Medium,1579,31580,120,August,8,Velo,14211,20,Government,1579,2014,Fr,HIGH,31580,HIGH SALES
30072.48,8742,United States of America,10/1/2014,High,4895.52,34968,10,October,10,Paseo,21330.48,12,Channel Partners,2914,2014,Un,HIGH,34968,HIGH SALES
30072.48,8742,United States of America,10/1/2014,High,4895.52,34968,260,October,10,Amarilla,21330.48,12,Channel Partners,2914,2014,Un,HIGH,34968,HIGH SALES
30153,21160,Germany,12/1/2013,Medium,1587,31740,10,December,12,Paseo,8993,15,Midmarket,2116,2013,Ge,HIGH,31740,HIGH SALES
30184,17150,Mexico,10/1/2013,High,4116,34300,5,October,10,Montana,13034,20,Government,1715,2013,Me,HIGH,34300,HIGH SALES
30184,17150,Mexico,10/1/2013,High,4116,34300,10,October,10,Paseo,13034,20,Government,1715,2013,Me,HIGH,34300,HIGH SALES
30216,7554,Canada,6/1/2014,None,0,30216,5,June,6,Montana,22662,12,Channel Partners,2518,2014,Ca,HIGH,30216,HIGH SALES
30216,7554,Canada,6/1/2014,None,0,30216,10,June,6,Paseo,22662,12,Channel Partners,2518,2014,Ca,HIGH,30216,HIGH SALES
30693.6,15660,United States of America,10/1/2014,Low,626.4,31320,5,October,10,Montana,15033.6,20,Government,1566,2014,Un,HIGH,31320,HIGH SALES
30693.6,15660,United States of America,10/1/2014,Low,626.4,31320,120,October,10,Velo,15033.6,20,Government,1566,2014,Un,HIGH,31320,HIGH SALES
30715.44,8169,United States of America,11/1/2014,Medium,1960.56,32676,5,November,11,Montana,22546.44,12,Channel Partners,2723,2014,Un,HIGH,32676,HIGH SALES
30830.8,16940,Mexico,11/1/2014,Medium,3049.2,33880,260,November,11,Amarilla,13890.8,20,Government,1694,2014,Me,HIGH,33880,HIGH SALES
30835.08,8289,Mexico,11/1/2013,Medium,2320.92,33156,10,November,11,Paseo,22546.08,12,Channel Partners,2763,2013,Me,HIGH,33156,HIGH SALES
30991.8,21980,United States of America,8/1/2014,Medium,1978.2,32970,10,August,8,Paseo,9011.8,15,Midmarket,2198,2014,Un,HIGH,32970,HIGH SALES
31133.025,22462.5,United States of America,4/1/2014,Low,314.475,31447.5,10,April,4,Paseo,8670.525,7,Government,4492.5,2014,Un,HIGH,31447.5,HIGH SALES
31731.48,8013,France,9/1/2014,Low,320.52,32052,3,September,9,Carretera,23718.48,12,Channel Partners,2671,2014,Fr,HIGH,32052,HIGH SALES
31863,24700,Canada,9/1/2013,High,5187,37050,10,September,9,Paseo,7163,15,Midmarket,2470,2013,Ca,HIGH,37050,HIGH SALES
32280,21520,Canada,12/1/2013,None,0,32280,10,December,12,Paseo,10760,15,Midmarket,2152,2013,Ca,HIGH,32280,HIGH SALES
32370,16185,Canada,1/1/2014,None,0,32370,3,January,1,Carretera,16185,20,Government,1618.5,2014,Ca,HIGH,32370,HIGH SALES
32558.4,22610,France,12/1/2013,Low,1356.6,33915,10,December,12,Paseo,9948.4,15,Midmarket,2261,2013,Fr,HIGH,33915,HIGH SALES
32627.25,25590,Canada,8/1/2014,High,5757.75,38385,10,August,8,Paseo,7037.25,15,Midmarket,2559,2014,Ca,HIGH,38385,HIGH SALES
32670,21780,France,6/1/2014,None,0,32670,3,June,6,Carretera,10890,15,Midmarket,2178,2014,Fr,HIGH,32670,HIGH SALES
32670,21780,France,6/1/2014,None,0,32670,250,June,6,VTT,10890,15,Midmarket,2178,2014,Fr,HIGH,32670,HIGH SALES
32877.9,22140,Mexico,3/1/2014,Low,332.1,33210,5,March,3,Montana,10737.9,15,Midmarket,2214,2014,Me,HIGH,33210,HIGH SALES
33031.6,17570,France,10/1/2013,Medium,2108.4,35140,5,October,10,Montana,15461.6,20,Government,1757,2013,Fr,HIGH,35140,HIGH SALES
33031.6,17570,France,10/1/2013,Medium,2108.4,35140,10,October,10,Paseo,15461.6,20,Government,1757,2013,Fr,HIGH,35140,HIGH SALES
33499.35,25670,United States of America,6/1/2014,High,5005.65,38505,3,June,6,Carretera,7829.35,15,Midmarket,2567,2014,Un,HIGH,38505,HIGH SALES
33499.35,25670,United States of America,6/1/2014,High,5005.65,38505,250,June,6,VTT,7829.35,15,Midmarket,2567,2014,Un,HIGH,38505,HIGH SALES
33633.6,25480,United States of America,11/1/2013,High,4586.4,38220,260,November,11,Amarilla,8153.6,15,Midmarket,2548,2013,Un,HIGH,38220,HIGH SALES
34056,8514,Germany,4/1/2014,None,0,34056,250,April,4,VTT,25542,12,Channel Partners,2838,2014,Ge,HIGH,34056,HIGH SALES
34095.6,22960,France,2/1/2014,Low,344.4,34440,10,February,2,Paseo,11135.6,15,Midmarket,2296,2014,Fr,HIGH,34440,HIGH SALES
34112.4,18340,Mexico,9/1/2013,Medium,2567.6,36680,3,September,9,Carretera,15772.4,20,Government,1834,2013,Me,HIGH,36680,HIGH SALES
34238,18020,Canada,12/1/2013,Medium,1802,36040,10,December,12,Paseo,16218,20,Government,1802,2013,Ca,HIGH,36040,HIGH SALES
34513.8,25010,France,3/1/2014,Medium,3001.2,37515,5,March,3,Montana,9503.8,15,Midmarket,2501,2014,Fr,HIGH,37515,HIGH SALES
34736.1,23630,Canada,2/1/2014,Low,708.9,35445,10,February,2,Paseo,11106.1,15,Midmarket,2363,2014,Ca,HIGH,35445,HIGH SALES
35172,19540,France,3/1/2014,High,3908,39080,10,March,3,Paseo,15632,20,Government,1954,2014,Fr,HIGH,39080,HIGH SALES
35494.8,26890,Canada,11/1/2014,High,4840.2,40335,3,November,11,Carretera,8604.8,15,Midmarket,2689,2014,Ca,HIGH,40335,HIGH SALES
35585.6,19340,Germany,9/1/2014,Medium,3094.4,38680,10,September,9,Paseo,16245.6,20,Government,1934,2014,Ge,HIGH,38680,HIGH SALES
35872.2,26280,Mexico,4/1/2014,Medium,3547.8,39420,120,April,4,Velo,9592.2,15,Midmarket,2628,2014,Me,HIGH,39420,HIGH SALES
36031.5,28260,France,5/1/2014,High,6358.5,42390,120,May,5,Velo,7771.5,15,Midmarket,2826,2014,Fr,HIGH,42390,HIGH SALES
36208.62,9733.5,Canada,1/1/2014,Medium,2725.38,38934,250,January,1,VTT,26475.12,12,Channel Partners,3244.5,2014,Ca,HIGH,38934,HIGH SALES
36340,18170,Canada,12/1/2014,None,0,36340,10,December,12,Paseo,18170,20,Government,1817,2014,Ca,HIGH,36340,HIGH SALES
36340,18170,Canada,12/1/2014,None,0,36340,250,December,12,VTT,18170,20,Government,1817,2014,Ca,HIGH,36340,HIGH SALES
36702,20390,Mexico,5/1/2014,High,4078,40780,260,May,5,Amarilla,16312,20,Government,2039,2014,Me,HIGH,40780,HIGH SALES
36753.6,19760,France,10/1/2014,Medium,2766.4,39520,5,October,10,Montana,16993.6,20,Government,1976,2014,Fr,HIGH,39520,HIGH SALES
36753.6,19760,France,10/1/2014,Medium,2766.4,39520,120,October,10,Velo,16993.6,20,Government,1976,2014,Fr,HIGH,39520,HIGH SALES
37050,24700,Mexico,6/1/2014,None,0,37050,3,June,6,Carretera,12350,15,Midmarket,2470,2014,Me,HIGH,37050,HIGH SALES
37050,24700,Mexico,6/1/2014,None,0,37050,5,June,6,Montana,12350,15,Midmarket,2470,2014,Me,HIGH,37050,HIGH SALES
37080,24720,Mexico,9/1/2014,None,0,37080,10,September,9,Paseo,12360,15,Midmarket,2472,2014,Me,HIGH,37080,HIGH SALES
37335,26200,France,9/1/2014,Medium,1965,39300,10,September,9,Paseo,11135,15,Midmarket,2620,2014,Fr,HIGH,39300,HIGH SALES
37980,18990,France,6/1/2014,None,0,37980,5,June,6,Montana,18990,20,Government,1899,2014,Fr,HIGH,37980,HIGH SALES
37980,18990,France,6/1/2014,None,0,37980,260,June,6,Amarilla,18990,20,Government,1899,2014,Fr,HIGH,37980,HIGH SALES
38021.4,10561.5,Canada,4/1/2014,High,4224.6,42246,260,April,4,Amarilla,27459.9,12,Channel Partners,3520.5,2014,Ca,HIGH,42246,HIGH SALES
38362.5,40920,Mexico,5/1/2014,High,4262.5,42625,250,May,5,VTT,-2557.5,125,Enterprise,341,2014,Me,LOW,42625,HIGH SALES
39237,22550,Mexico,7/1/2014,High,5863,45100,5,July,7,Montana,16687,20,Government,2255,2014,Me,HIGH,45100,HIGH SALES
39771.75,27910,Mexico,11/1/2014,Medium,2093.25,41865,3,November,11,Carretera,11861.75,15,Midmarket,2791,2014,Me,HIGH,41865,HIGH SALES
39820.8,20740,Canada,9/1/2014,Low,1659.2,41480,10,September,9,Paseo,19080.8,20,Government,2074,2014,Ca,HIGH,41480,HIGH SALES
40100.4,28440,Canada,6/1/2014,Medium,2559.6,42660,3,June,6,Carretera,11660.4,15,Midmarket,2844,2014,Ca,HIGH,42660,HIGH SALES
40100.4,28440,Canada,6/1/2014,Medium,2559.6,42660,250,June,6,VTT,11660.4,15,Midmarket,2844,2014,Ca,HIGH,42660,HIGH SALES
40769.25,28610,Mexico,1/1/2014,Medium,2145.75,42915,120,January,1,Velo,12159.25,15,Midmarket,2861,2014,Me,HIGH,42915,HIGH SALES
40837.5,39600,United States of America,9/1/2013,Low,412.5,41250,3,September,9,Carretera,1237.5,125,Enterprise,330,2013,Un,HIGH,41250,HIGH SALES
40887.45,29310,United States of America,9/1/2013,Medium,3077.55,43965,10,September,9,Paseo,11577.45,15,Midmarket,2931,2013,Un,HIGH,43965,HIGH SALES
41761.6,24280,Canada,3/1/2014,High,6798.4,48560,10,March,3,Paseo,17481.6,20,Government,2428,2014,Ca,HIGH,48560,HIGH SALES
42613.2,23940,Canada,8/1/2014,High,5266.8,47880,10,August,8,Paseo,18673.2,20,Government,2394,2014,Ca,HIGH,47880,HIGH SALES
42713.325,31995,United States of America,7/1/2014,High,5279.175,47992.5,260,July,7,Amarilla,10718.325,15,Midmarket,3199.5,2014,Un,HIGH,47992.5,HIGH SALES
42997.68,12078,Canada,7/1/2014,High,5314.32,48312,10,July,7,Paseo,30919.68,12,Channel Partners,4026,2014,Ca,HIGH,48312,HIGH SALES
43125,41400,Canada,10/1/2013,None,0,43125,5,October,10,Montana,1725,125,Enterprise,345,2013,Ca,HIGH,43125,HIGH SALES
43125,41400,Canada,10/1/2013,None,0,43125,120,October,10,Velo,1725,125,Enterprise,345,2013,Ca,HIGH,43125,HIGH SALES
43643,22970,Germany,11/1/2013,Medium,2297,45940,250,November,11,VTT,20673,20,Government,2297,2013,Ge,HIGH,45940,HIGH SALES
44358.8,25790,Mexico,4/1/2014,High,7221.2,51580,3,April,4,Carretera,18568.8,20,Government,2579,2014,Me,HIGH,51580,HIGH SALES
44378.4,25215,France,1/1/2014,High,6051.6,50430,3,January,1,Carretera,19163.4,20,Government,2521.5,2014,Fr,HIGH,50430,HIGH SALES
45953.4,26410,United States of America,2/1/2014,High,6866.6,52820,10,February,2,Paseo,19543.4,20,Government,2641,2014,Un,HIGH,52820,HIGH SALES
46796.2,26290,Mexico,1/1/2014,High,5783.8,52580,260,January,1,Amarilla,20506.2,20,Government,2629,2014,Me,HIGH,52580,HIGH SALES
47119.2,27080,Germany,2/1/2014,High,7040.8,54160,10,February,2,Paseo,20039.2,20,Government,2708,2014,Ge,HIGH,54160,HIGH SALES
48812.4,26820,France,11/1/2013,Medium,4827.6,53640,250,November,11,VTT,21992.4,20,Government,2682,2013,Fr,HIGH,53640,HIGH SALES
49929,28050,France,9/1/2013,High,6171,56100,120,September,9,Velo,21879,20,Government,2805,2013,Fr,HIGH,56100,HIGH SALES
50052,25800,Germany,4/1/2014,Low,1548,51600,3,April,4,Carretera,24252,20,Government,2580,2014,Ge,HIGH,51600,HIGH SALES
50163.75,36750,United States of America,4/1/2014,Medium,4961.25,55125,10,April,4,Paseo,13413.75,15,Midmarket,3675,2014,Un,HIGH,55125,HIGH SALES
50597,26630,United States of America,12/1/2014,Medium,2663,53260,10,December,12,Paseo,23967,20,Government,2663,2014,Un,HIGH,53260,HIGH SALES
50597,26630,United States of America,12/1/2014,Medium,2663,53260,250,December,12,VTT,23967,20,Government,2663,2014,Un,HIGH,53260,HIGH SALES
50803.2,26460,Canada,9/1/2013,Low,2116.8,52920,120,September,9,Velo,24343.2,20,Government,2646,2013,Ca,HIGH,52920,HIGH SALES
51143.4,38745,France,7/1/2014,High,6974.1,58117.5,250,July,7,VTT,12398.4,15,Midmarket,3874.5,2014,Fr,HIGH,58117.5,HIGH SALES
52167.375,39975,France,1/1/2014,High,7795.125,59962.5,120,January,1,Velo,12192.375,15,Midmarket,3997.5,2014,Fr,HIGH,59962.5,HIGH SALES
52243,29350,Canada,11/1/2013,High,6457,58700,250,November,11,VTT,22893,20,Government,2935,2013,Ca,HIGH,58700,HIGH SALES
53257.6,29920,Germany,10/1/2013,High,6582.4,59840,5,October,10,Montana,23337.6,20,Government,2992,2013,Ge,HIGH,59840,HIGH SALES
53257.6,29920,Germany,10/1/2013,High,6582.4,59840,10,October,10,Paseo,23337.6,20,Government,2992,2013,Ge,HIGH,59840,HIGH SALES
53594.1,38010,France,4/1/2014,Medium,3420.9,57015,10,April,4,Paseo,15584.1,15,Midmarket,3801,2014,Fr,HIGH,57015,HIGH SALES
53808,28320,United States of America,8/1/2014,Medium,2832,56640,120,August,8,Velo,25488,20,Government,2832,2014,Un,HIGH,56640,HIGH SALES
55071.2,29930,Mexico,9/1/2014,Medium,4788.8,59860,10,September,9,Paseo,25141.2,20,Government,2993,2014,Me,HIGH,59860,HIGH SALES
58650,66240,Germany,11/1/2014,High,10350,69000,250,November,11,VTT,-7590,125,Enterprise,552,2014,Ge,LOW,69000,HIGH SALES
60200,52000,Canada,5/1/2014,High,9800,70000,5,May,5,Montana,8200,350,Government,200,2014,Ca,HIGH,70000,HIGH SALES
61632.5,66480,Mexico,1/1/2014,High,7617.5,69250,250,January,1,VTT,-4847.5,125,Enterprise,554,2014,Me,LOW,69250,HIGH SALES
62916,53500,Germany,10/1/2013,Low,1284,64200,3,October,10,Carretera,9416,300,Small Business,214,2013,Ge,HIGH,64200,HIGH SALES
62916,53500,Germany,10/1/2013,Low,1284,64200,250,October,10,VTT,9416,300,Small Business,214,2013,Ge,HIGH,64200,HIGH SALES
64496.25,68040,Canada,9/1/2014,Medium,6378.75,70875,120,September,9,Velo,-3543.75,125,Enterprise,567,2014,Ca,LOW,70875,HIGH SALES
65137.5,69480,United States of America,1/1/2014,High,7237.5,72375,260,January,1,Amarilla,-4342.5,125,Enterprise,579,2014,Un,LOW,72375,HIGH SALES
69402,67250,Canada,10/1/2013,High,11298,80700,120,October,10,Velo,2152,300,Small Business,269,2013,Ca,HIGH,80700,HIGH SALES
69402,67250,Canada,10/1/2013,High,11298,80700,250,October,10,VTT,2152,300,Small Business,269,2013,Ca,HIGH,80700,HIGH SALES
70443.75,79560,France,9/1/2014,High,12431.25,82875,120,September,9,Velo,-9116.25,125,Enterprise,663,2014,Fr,LOW,82875,HIGH SALES
74699.7,38505,Canada,4/1/2014,Low,2310.3,77010,120,April,4,Velo,36194.7,20,Government,3850.5,2014,Ca,HIGH,77010,HIGH SALES
76146,64750,Germany,3/1/2014,Low,1554,77700,260,March,3,Amarilla,11396,300,Small Business,259,2014,Ge,HIGH,77700,HIGH SALES
76507.2,38640,France,4/1/2014,Low,772.8,77280,120,April,4,Velo,37867.2,20,Government,3864,2014,Fr,HIGH,77280,HIGH SALES
81095,79440,Mexico,6/1/2014,Low,1655,82750,10,June,6,Paseo,1655,125,Enterprise,662,2014,Me,HIGH,82750,HIGH SALES
81095,79440,Mexico,6/1/2014,Low,1655,82750,250,June,6,VTT,1655,125,Enterprise,662,2014,Me,HIGH,82750,HIGH SALES
82046.25,79560,United States of America,10/1/2013,Low,828.75,82875,5,October,10,Montana,2486.25,125,Enterprise,663,2013,Un,HIGH,82875,HIGH SALES
82046.25,79560,United States of America,10/1/2013,Low,828.75,82875,120,October,10,Velo,2486.25,125,Enterprise,663,2013,Un,HIGH,82875,HIGH SALES
83160,70200,United States of America,2/1/2014,High,11340,94500,260,February,2,Amarilla,12960,350,Government,270,2014,Un,HIGH,94500,HIGH SALES
83600,84480,France,10/1/2013,Medium,4400,88000,10,October,10,Paseo,-880,125,Enterprise,704,2013,Fr,LOW,88000,HIGH SALES
83600,84480,France,10/1/2013,Medium,4400,88000,120,October,10,Velo,-880,125,Enterprise,704,2013,Fr,LOW,88000,HIGH SALES
87906,80500,France,9/1/2013,Medium,8694,96600,5,September,9,Montana,7406,300,Small Business,322,2013,Fr,HIGH,96600,HIGH SALES
89966.25,87240,United States of America,6/1/2014,Low,908.75,90875,10,June,6,Paseo,2726.25,125,Enterprise,727,2014,Un,HIGH,90875,HIGH SALES
89966.25,87240,United States of America,6/1/2014,Low,908.75,90875,250,June,6,VTT,2726.25,125,Enterprise,727,2014,Un,HIGH,90875,HIGH SALES
90956.25,89100,Canada,4/1/2014,Low,1856.25,92812.5,3,April,4,Carretera,1856.25,125,Enterprise,742.5,2014,Ca,HIGH,92812.5,HIGH SALES
91182,83500,Germany,12/1/2013,Medium,9018,100200,5,December,12,Montana,7682,300,Small Business,334,2013,Ge,HIGH,100200,HIGH SALES
91238,69160,United States of America,12/1/2013,Low,1862,93100,250,December,12,VTT,22078,350,Government,266,2013,Un,HIGH,93100,HIGH SALES
92064,71240,United States of America,12/1/2014,Low,3836,95900,3,December,12,Carretera,20824,350,Government,274,2014,Un,HIGH,95900,HIGH SALES
92064,71240,United States of America,12/1/2014,Low,3836,95900,10,December,12,Paseo,20824,350,Government,274,2014,Un,HIGH,95900,HIGH SALES
95400,95400,Germany,3/1/2014,Low,3975,99375,10,March,3,Paseo,0,125,Enterprise,795,2014,Ge,FALSE,99375,HIGH SALES
95831.25,96840,Germany,2/1/2014,Medium,5043.75,100875,120,February,2,Velo,-1008.75,125,Enterprise,807,2014,Ge,LOW,100875,HIGH SALES
97391.25,94440,France,6/1/2014,Low,983.75,98375,10,June,6,Paseo,2951.25,125,Enterprise,787,2014,Fr,HIGH,98375,HIGH SALES
97391.25,94440,France,6/1/2014,Low,983.75,98375,250,June,6,VTT,2951.25,125,Enterprise,787,2014,Fr,HIGH,98375,HIGH SALES
99102.5,97080,Germany,10/1/2013,Low,2022.5,101125,10,October,10,Paseo,2022.5,125,Enterprise,809,2013,Ge,HIGH,101125,HIGH SALES
99102.5,97080,Germany,10/1/2013,Low,2022.5,101125,120,October,10,Velo,2022.5,125,Enterprise,809,2013,Ge,HIGH,101125,HIGH SALES
99758.75,105240,Mexico,11/1/2014,Medium,9866.25,109625,250,November,11,VTT,-5481.25,125,Enterprise,877,2014,Me,LOW,109625,HIGH SALES
102243.75,103320,United States of America,10/1/2014,Medium,5381.25,107625,10,October,10,Paseo,-1076.25,125,Enterprise,861,2014,Un,LOW,107625,HIGH SALES
102243.75,103320,United States of America,10/1/2014,Medium,5381.25,107625,120,October,10,Velo,-1076.25,125,Enterprise,861,2014,Un,LOW,107625,HIGH SALES
104222.5,106440,Germany,12/1/2013,Medium,6652.5,110875,3,December,12,Carretera,-2217.5,125,Enterprise,887,2013,Ge,LOW,110875,HIGH SALES
105353.75,113640,Mexico,9/1/2013,High,13021.25,118375,260,September,9,Amarilla,-8286.25,125,Enterprise,947,2013,Me,LOW,118375,HIGH SALES
106536,96500,France,11/1/2013,Medium,9264,115800,120,November,11,Velo,10036,300,Small Business,386,2013,Fr,HIGH,115800,HIGH SALES
107156,89440,Mexico,10/1/2013,High,13244,120400,120,October,10,Velo,17716,350,Government,344,2013,Me,HIGH,120400,HIGH SALES
107156,89440,Mexico,10/1/2013,High,13244,120400,260,October,10,Amarilla,17716,350,Government,344,2013,Me,HIGH,120400,HIGH SALES
108706.5,92820,Germany,11/1/2014,High,16243.5,124950,10,November,11,Paseo,15886.5,350,Government,357,2014,Ge,HIGH,124950,HIGH SALES
109972.5,122760,France,9/1/2013,High,17902.5,127875,3,September,9,Carretera,-12787.5,125,Enterprise,1023,2013,Fr,LOW,127875,HIGH SALES
111860,114240,Canada,2/1/2014,Medium,7140,119000,120,February,2,Velo,-2380,125,Enterprise,952,2014,Ca,LOW,119000,HIGH SALES
114221.25,110760,Canada,8/1/2014,Low,1153.75,115375,120,August,8,Velo,3461.25,125,Enterprise,923,2014,Ca,HIGH,115375,HIGH SALES
115281.25,130200,Germany,10/1/2014,High,20343.75,135625,3,October,10,Carretera,-14918.75,125,Enterprise,1085,2014,Ge,LOW,135625,HIGH SALES
115281.25,130200,Germany,10/1/2014,High,20343.75,135625,10,October,10,Paseo,-14918.75,125,Enterprise,1085,2014,Ge,LOW,135625,HIGH SALES
115552.5,119280,Germany,9/1/2013,Medium,8697.5,124250,260,September,9,Amarilla,-3727.5,125,Enterprise,994,2013,Ge,LOW,124250,HIGH SALES
116640,108000,Mexico,9/1/2014,High,12960,129600,250,September,9,VTT,8640,300,Small Business,432,2014,Me,HIGH,129600,HIGH SALES
117264,90740,United States of America,9/1/2013,Low,4886,122150,250,September,9,VTT,26524,350,Government,349,2013,Un,HIGH,122150,HIGH SALES
122682,99060,France,8/1/2014,Medium,10668,133350,250,August,8,VTT,23622,350,Government,381,2014,Fr,HIGH,133350,HIGH SALES
124737.5,140880,France,8/1/2014,High,22012.5,146750,3,August,8,Carretera,-16142.5,125,Enterprise,1174,2014,Fr,LOW,146750,HIGH SALES
124992,112000,France,6/1/2014,Medium,9408,134400,3,June,6,Carretera,12992,300,Small Business,448,2014,Fr,HIGH,134400,HIGH SALES
124992,112000,France,6/1/2014,Medium,9408,134400,10,June,6,Paseo,12992,300,Small Business,448,2014,Fr,HIGH,134400,HIGH SALES
128110,133680,Mexico,3/1/2014,Medium,11140,139250,10,March,3,Paseo,-5570,125,Enterprise,1114,2014,Me,LOW,139250,HIGH SALES
128880,128880,Mexico,4/1/2014,Low,5370,134250,260,April,4,Amarilla,0,125,Enterprise,1074,2014,Me,FALSE,134250,HIGH SALES
135884,109720,Germany,8/1/2014,Medium,11816,147700,250,August,8,VTT,26164,350,Government,422,2014,Ge,HIGH,147700,HIGH SALES
136560,136560,Mexico,12/1/2014,Low,5690,142250,5,December,12,Montana,0,125,Enterprise,1138,2014,Me,FALSE,142250,HIGH SALES
136560,136560,Mexico,12/1/2014,Low,5690,142250,10,December,12,Paseo,0,125,Enterprise,1138,2014,Me,FALSE,142250,HIGH SALES
139230,136500,Mexico,10/1/2014,High,24570,163800,5,October,10,Montana,2730,300,Small Business,546,2014,Me,HIGH,163800,HIGH SALES
139230,136500,Mexico,10/1/2014,High,24570,163800,260,October,10,Amarilla,2730,300,Small Business,546,2014,Me,HIGH,163800,HIGH SALES
146718,123500,Mexico,10/1/2013,Low,1482,148200,3,October,10,Carretera,23218,300,Small Business,494,2013,Me,HIGH,148200,HIGH SALES
146718,123500,Mexico,10/1/2013,Low,1482,148200,250,October,10,VTT,23218,300,Small Business,494,2013,Me,HIGH,148200,HIGH SALES
156048.75,154440,France,12/1/2014,Low,4826.25,160875,5,December,12,Montana,1608.75,125,Enterprise,1287,2014,Fr,HIGH,160875,HIGH SALES
156048.75,154440,France,12/1/2014,Low,4826.25,160875,10,December,12,Paseo,1608.75,125,Enterprise,1287,2014,Fr,HIGH,160875,HIGH SALES
159421.25,171960,France,5/1/2014,High,19703.75,179125,260,May,5,Amarilla,-12538.75,125,Enterprise,1433,2014,Fr,LOW,179125,HIGH SALES
159570,147750,Mexico,5/1/2014,High,17730,177300,10,May,5,Paseo,11820,300,Small Business,591,2014,Me,HIGH,177300,HIGH SALES
166725,177840,France,12/1/2013,High,18525,185250,3,December,12,Carretera,-11115,125,Enterprise,1482,2013,Fr,LOW,185250,HIGH SALES
169312.5,189000,Mexico,2/1/2014,High,27562.5,196875,120,February,2,Velo,-19687.5,125,Enterprise,1575,2014,Me,LOW,196875,HIGH SALES
172151.25,189960,Canada,6/1/2014,High,25723.75,197875,10,June,6,Paseo,-17808.75,125,Enterprise,1583,2014,Ca,LOW,197875,HIGH SALES
172151.25,189960,Canada,6/1/2014,High,25723.75,197875,250,June,6,VTT,-17808.75,125,Enterprise,1583,2014,Ca,LOW,197875,HIGH SALES
175260,158750,Mexico,12/1/2014,Medium,15240,190500,120,December,12,Velo,16510,300,Small Business,635,2014,Me,HIGH,190500,HIGH SALES
175260,158750,Mexico,12/1/2014,Medium,15240,190500,260,December,12,Amarilla,16510,300,Small Business,635,2014,Me,HIGH,190500,HIGH SALES
177100,184800,Mexico,8/1/2014,Medium,15400,192500,3,August,8,Carretera,-7700,125,Enterprise,1540,2014,Me,LOW,192500,HIGH SALES
179550,191520,United States of America,9/1/2014,High,19950,199500,120,September,9,Velo,-11970,125,Enterprise,1596,2014,Un,LOW,199500,HIGH SALES
180416.25,199080,Canada,1/1/2014,High,26958.75,207375,260,January,1,Amarilla,-18663.75,125,Enterprise,1659,2014,Ca,LOW,207375,HIGH SALES
183540,143520,Canada,8/1/2014,Medium,9660,193200,260,August,8,Amarilla,40020,350,Government,552,2014,Ca,HIGH,193200,HIGH SALES
184989,149370,France,4/1/2014,Medium,16086,201075,250,April,4,VTT,35619,350,Government,574.5,2014,Fr,HIGH,201075,HIGH SALES
190362.5,188400,Germany,6/1/2014,Low,5887.5,196250,10,June,6,Paseo,1962.5,125,Enterprise,1570,2014,Ge,HIGH,196250,HIGH SALES
190362.5,188400,Germany,6/1/2014,Low,5887.5,196250,250,June,6,VTT,1962.5,125,Enterprise,1570,2014,Ge,HIGH,196250,HIGH SALES
191231.25,197400,Canada,5/1/2014,Medium,14393.75,205625,260,May,5,Amarilla,-6168.75,125,Enterprise,1645,2014,Ca,LOW,205625,HIGH SALES
191884,161980,Canada,9/1/2013,High,26166,218050,250,September,9,VTT,29904,350,Government,623,2013,Ca,HIGH,218050,HIGH SALES
200165,156520,United States of America,6/1/2014,Medium,10535,210700,10,June,6,Paseo,43645,350,Government,602,2014,Un,HIGH,210700,HIGH SALES
200165,156520,United States of America,6/1/2014,Medium,10535,210700,120,June,6,Velo,43645,350,Government,602,2014,Un,HIGH,210700,HIGH SALES
200499,172250,Germany,6/1/2014,Low,6201,206700,3,June,6,Carretera,28249,300,Small Business,689,2014,Ge,HIGH,206700,HIGH SALES
200499,172250,Germany,6/1/2014,Low,6201,206700,10,June,6,Paseo,28249,300,Small Business,689,2014,Ge,HIGH,206700,HIGH SALES
201285,166140,France,7/1/2014,High,22365,223650,120,July,7,Velo,35145,350,Government,639,2014,Fr,HIGH,223650,HIGH SALES
202950,216480,United States of America,11/1/2013,High,22550,225500,5,November,11,Montana,-13530,125,Enterprise,1804,2013,Un,LOW,225500,HIGH SALES
203350,199200,Mexico,11/1/2013,Low,4150,207500,5,November,11,Montana,4150,125,Enterprise,1660,2013,Me,HIGH,207500,HIGH SALES
206658,200250,Mexico,7/1/2014,High,33642,240300,3,July,7,Carretera,6408,300,Small Business,801,2014,Me,HIGH,240300,HIGH SALES
206852.5,204720,Germany,12/1/2014,Low,6397.5,213250,5,December,12,Montana,2132.5,125,Enterprise,1706,2014,Ge,HIGH,213250,HIGH SALES
206852.5,204720,Germany,12/1/2014,Low,6397.5,213250,10,December,12,Paseo,2132.5,125,Enterprise,1706,2014,Ge,HIGH,213250,HIGH SALES
210627,201750,Germany,1/1/2014,High,31473,242100,10,January,1,Paseo,8877,300,Small Business,807,2014,Ge,HIGH,242100,HIGH SALES
210700,182000,Canada,11/1/2014,High,34300,245000,10,November,11,Paseo,28700,350,Government,700,2014,Ca,HIGH,245000,HIGH SALES
211233.75,222840,France,11/1/2013,Medium,20891.25,232125,5,November,11,Montana,-11606.25,125,Enterprise,1857,2013,Fr,LOW,232125,HIGH SALES
215097.5,212880,Canada,3/1/2014,Low,6652.5,221750,10,March,3,Paseo,2217.5,125,Enterprise,1774,2014,Ca,HIGH,221750,HIGH SALES
215550,229920,Canada,12/1/2013,High,23950,239500,120,December,12,Velo,-14370,125,Enterprise,1916,2013,Ca,LOW,239500,HIGH SALES
215820,209280,France,11/1/2014,Low,2180,218000,250,November,11,VTT,6540,125,Enterprise,1744,2014,Fr,HIGH,218000,HIGH SALES
222705,183820,Canada,9/1/2014,High,24745,247450,260,September,9,Amarilla,38885,350,Government,707,2014,Ca,HIGH,247450,HIGH SALES
223008,202000,United States of America,12/1/2013,Medium,19392,242400,250,December,12,VTT,21008,300,Small Business,808,2013,Un,HIGH,242400,HIGH SALES
225500,216480,France,2/1/2014,None,0,225500,120,February,2,Velo,9020,125,Enterprise,1804,2014,Fr,HIGH,225500,HIGH SALES
225596.25,218760,Mexico,7/1/2014,Low,2278.75,227875,10,July,7,Paseo,6836.25,125,Enterprise,1823,2014,Me,HIGH,227875,HIGH SALES
229104,222000,Canada,3/1/2014,High,37296,266400,260,March,3,Amarilla,7104,300,Small Business,888,2014,Ca,HIGH,266400,HIGH SALES
230310,213250,France,12/1/2014,High,25590,255900,120,December,12,Velo,17060,300,Small Business,853,2014,Fr,HIGH,255900,HIGH SALES
230310,213250,France,12/1/2014,High,25590,255900,260,December,12,Amarilla,17060,300,Small Business,853,2014,Fr,HIGH,255900,HIGH SALES
233091,218250,Canada,1/1/2014,High,28809,261900,10,January,1,Paseo,14841,300,Small Business,873,2014,Ca,HIGH,261900,HIGH SALES
233531.25,238500,France,1/1/2014,Medium,14906.25,248437.5,260,January,1,Amarilla,-4968.75,125,Enterprise,1987.5,2014,Fr,LOW,248437.5,HIGH SALES
236400,197000,Mexico,9/1/2013,None,0,236400,10,September,9,Paseo,39400,300,Small Business,788,2013,Me,HIGH,236400,HIGH SALES
237160,258720,Mexico,10/1/2014,High,32340,269500,3,October,10,Carretera,-21560,125,Enterprise,2156,2014,Me,LOW,269500,HIGH SALES
237160,258720,Mexico,10/1/2014,High,32340,269500,10,October,10,Paseo,-21560,125,Enterprise,2156,2014,Me,LOW,269500,HIGH SALES
238609,199160,Germany,1/1/2014,High,29491,268100,5,January,1,Montana,39449,350,Government,766,2014,Ge,HIGH,268100,HIGH SALES
239183,189020,United States of America,10/1/2013,Medium,15267,254450,10,October,10,Paseo,50163,350,Government,727,2013,Un,HIGH,254450,HIGH SALES
239183,189020,United States of America,10/1/2013,Medium,15267,254450,260,October,10,Amarilla,50163,350,Government,727,2013,Un,HIGH,254450,HIGH SALES
239400,187200,Mexico,9/1/2013,Medium,12600,252000,5,September,9,Montana,52200,350,Government,720,2013,Me,HIGH,252000,HIGH SALES
240012.5,253200,Mexico,9/1/2014,Medium,23737.5,263750,120,September,9,Velo,-13187.5,125,Enterprise,2110,2014,Me,LOW,263750,HIGH SALES
242613.75,250440,Germany,9/1/2014,Medium,18261.25,260875,120,September,9,Velo,-7826.25,125,Enterprise,2087,2014,Ge,LOW,260875,HIGH SALES
243591.25,241080,Canada,10/1/2014,Low,7533.75,251125,10,October,10,Paseo,2511.25,125,Enterprise,2009,2014,Ca,HIGH,251125,HIGH SALES
243591.25,241080,Canada,10/1/2014,Low,7533.75,251125,120,October,10,Velo,2511.25,125,Enterprise,2009,2014,Ca,HIGH,251125,HIGH SALES
246708,205920,Germany,3/1/2014,High,30492,277200,3,March,3,Carretera,40788,350,Government,792,2014,Ge,HIGH,277200,HIGH SALES
259037.5,292560,United States of America,12/1/2013,High,45712.5,304750,120,December,12,Velo,-33522.5,125,Enterprise,2438,2013,Un,LOW,304750,HIGH SALES
260580,252500,United States of America,10/1/2014,High,42420,303000,3,October,10,Carretera,8080,300,Small Business,1010,2014,Un,HIGH,303000,HIGH SALES
260580,252500,United States of America,10/1/2014,High,42420,303000,250,October,10,VTT,8080,300,Small Business,1010,2014,Un,HIGH,303000,HIGH SALES
262570,286440,United States of America,11/1/2014,High,35805,298375,250,November,11,VTT,-23870,125,Enterprise,2387,2014,Un,LOW,298375,HIGH SALES
262762.5,257400,Mexico,10/1/2013,Low,5362.5,268125,10,October,10,Paseo,5362.5,125,Enterprise,2145,2013,Me,HIGH,268125,HIGH SALES
262762.5,257400,Mexico,10/1/2013,Low,5362.5,268125,120,October,10,Velo,5362.5,125,Enterprise,2145,2013,Me,HIGH,268125,HIGH SALES
265760,289920,Canada,9/1/2013,High,36240,302000,3,September,9,Carretera,-24160,125,Enterprise,2416,2013,Ca,LOW,302000,HIGH SALES
267561,239750,France,2/1/2014,Medium,20139,287700,250,February,2,VTT,27811,300,Small Business,959,2014,Fr,HIGH,287700,HIGH SALES
269892,229500,France,5/1/2014,Low,5508,275400,10,May,5,Paseo,40392,300,Small Business,918,2014,Fr,HIGH,275400,HIGH SALES
271561.25,292920,France,10/1/2014,High,33563.75,305125,3,October,10,Carretera,-21358.75,125,Enterprise,2441,2014,Fr,LOW,305125,HIGH SALES
271561.25,292920,France,10/1/2014,High,33563.75,305125,10,October,10,Paseo,-21358.75,125,Enterprise,2441,2014,Fr,LOW,305125,HIGH SALES
272888,230360,Mexico,6/1/2014,High,37212,310100,3,June,6,Carretera,42528,350,Government,886,2014,Me,HIGH,310100,HIGH SALES
272888,230360,Mexico,6/1/2014,High,37212,310100,10,June,6,Paseo,42528,350,Government,886,2014,Me,HIGH,310100,HIGH SALES
278810,273120,Germany,5/1/2014,Low,5690,284500,260,May,5,Amarilla,5690,125,Enterprise,2276,2014,Ge,HIGH,284500,HIGH SALES
281053.5,239980,Canada,3/1/2014,High,41996.5,323050,3,March,3,Carretera,41073.5,350,Government,923,2014,Ca,HIGH,323050,HIGH SALES
282435,247750,United States of America,6/1/2014,Medium,14865,297300,3,June,6,Carretera,34685,300,Small Business,991,2014,Un,HIGH,297300,HIGH SALES
282435,247750,United States of America,6/1/2014,Medium,14865,297300,10,June,6,Paseo,34685,300,Small Business,991,2014,Un,HIGH,297300,HIGH SALES
283218.75,286200,France,3/1/2014,Medium,14906.25,298125,10,March,3,Paseo,-2981.25,125,Enterprise,2385,2014,Fr,LOW,298125,HIGH SALES
284512.5,303480,Canada,11/1/2014,High,31612.5,316125,250,November,11,VTT,-18967.5,125,Enterprise,2529,2014,Ca,LOW,316125,HIGH SALES
287400,239500,Mexico,8/1/2014,None,0,287400,5,August,8,Montana,47900,300,Small Business,958,2014,Me,HIGH,287400,HIGH SALES
290625,300000,Germany,11/1/2013,Medium,21875,312500,5,November,11,Montana,-9375,125,Enterprise,2500,2013,Ge,LOW,312500,HIGH SALES
292842,246500,Germany,9/1/2014,Low,2958,295800,250,September,9,VTT,46342,300,Small Business,986,2014,Ge,HIGH,295800,HIGH SALES
293993.75,332040,Germany,8/1/2014,High,51881.25,345875,3,August,8,Carretera,-38046.25,125,Enterprise,2767,2014,Ge,LOW,345875,HIGH SALES
298662,273500,Canada,6/1/2014,Medium,29538,328200,3,June,6,Carretera,25162,300,Small Business,1094,2014,Ca,HIGH,328200,HIGH SALES
298662,273500,Canada,6/1/2014,Medium,29538,328200,10,June,6,Paseo,25162,300,Small Business,1094,2014,Ca,HIGH,328200,HIGH SALES
299171.25,255450,United States of America,1/1/2014,High,44703.75,343875,5,January,1,Montana,43721.25,350,Government,982.5,2014,Un,HIGH,343875,HIGH SALES
303257.5,338520,Mexico,12/1/2013,High,49367.5,352625,3,December,12,Carretera,-35262.5,125,Enterprise,2821,2013,Me,LOW,352625,HIGH SALES
303688,256360,United States of America,10/1/2014,High,41412,345100,120,October,10,Velo,47328,350,Government,986,2014,Un,HIGH,345100,HIGH SALES
303688,256360,United States of America,10/1/2014,High,41412,345100,250,October,10,VTT,47328,350,Government,986,2014,Un,HIGH,345100,HIGH SALES
305730,341280,United States of America,5/1/2014,High,49770,355500,260,May,5,Amarilla,-35550,125,Enterprise,2844,2014,Un,LOW,355500,HIGH SALES
313104,296500,France,12/1/2013,High,42696,355800,5,December,12,Montana,16604,300,Small Business,1186,2013,Fr,HIGH,355800,HIGH SALES
313317,280750,Germany,9/1/2013,Medium,23583,336900,10,September,9,Paseo,32567,300,Small Business,1123,2013,Ge,HIGH,336900,HIGH SALES
313500,275000,Mexico,12/1/2013,Medium,16500,330000,5,December,12,Montana,38500,300,Small Business,1100,2013,Me,HIGH,330000,HIGH SALES
313862.5,354480,Canada,11/1/2013,High,55387.5,369250,250,November,11,VTT,-40617.5,125,Enterprise,2954,2013,Ca,LOW,369250,HIGH SALES
318158.75,335640,United States of America,12/1/2014,Medium,31466.25,349625,5,December,12,Montana,-17481.25,125,Enterprise,2797,2014,Un,LOW,349625,HIGH SALES
318158.75,335640,United States of America,12/1/2014,Medium,31466.25,349625,10,December,12,Paseo,-17481.25,125,Enterprise,2797,2014,Un,LOW,349625,HIGH SALES
322420,254800,Mexico,4/1/2014,Medium,20580,343000,5,April,4,Montana,67620,350,Government,980,2014,Me,HIGH,343000,HIGH SALES
323694,275250,Mexico,3/1/2014,Low,6606,330300,260,March,3,Amarilla,48444,300,Small Business,1101,2014,Me,HIGH,330300,HIGH SALES
323712.5,330600,United States of America,2/1/2014,Medium,20662.5,344375,120,February,2,Velo,-6887.5,125,Enterprise,2755,2014,Un,LOW,344375,HIGH SALES
326922.75,245310,Canada,4/1/2014,Low,3302.25,330225,250,April,4,VTT,81612.75,350,Government,943.5,2014,Ca,HIGH,330225,HIGH SALES
333187.5,319860,Canada,7/1/2014,None,0,333187.5,5,July,7,Montana,13327.5,125,Enterprise,2665.5,2014,Ca,HIGH,333187.5,HIGH SALES
334302.5,327480,Canada,12/1/2014,Low,6822.5,341125,10,December,12,Paseo,6822.5,125,Enterprise,2729,2014,Ca,HIGH,341125,HIGH SALES
334302.5,327480,Canada,12/1/2014,Low,6822.5,341125,250,December,12,VTT,6822.5,125,Enterprise,2729,2014,Ca,HIGH,341125,HIGH SALES
344322,305250,France,10/1/2013,Medium,21978,366300,120,October,10,Velo,39072,300,Small Business,1221,2013,Fr,HIGH,366300,HIGH SALES
344322,305250,France,10/1/2013,Medium,21978,366300,250,October,10,VTT,39072,300,Small Business,1221,2013,Fr,HIGH,366300,HIGH SALES
352100,261560,Germany,6/1/2014,None,0,352100,10,June,6,Paseo,90540,350,Government,1006,2014,Ge,HIGH,352100,HIGH SALES
352100,261560,Germany,6/1/2014,None,0,352100,120,June,6,Velo,90540,350,Government,1006,2014,Ge,HIGH,352100,HIGH SALES
352106.25,379800,Germany,1/1/2014,High,43518.75,395625,260,January,1,Amarilla,-27693.75,125,Enterprise,3165,2014,Ge,LOW,395625,HIGH SALES
352625,338520,United States of America,8/1/2014,None,0,352625,120,August,8,Velo,14105,125,Enterprise,2821,2014,Un,HIGH,352625,HIGH SALES
354108,320750,Canada,9/1/2013,Medium,30792,384900,5,September,9,Montana,33358,300,Small Business,1283,2013,Ca,HIGH,384900,HIGH SALES
354277,306020,United States of America,11/1/2014,High,57673,411950,10,November,11,Paseo,48257,350,Government,1177,2014,Un,HIGH,411950,HIGH SALES
355300,359040,United States of America,3/1/2014,Medium,18700,374000,10,March,3,Paseo,-3740,125,Enterprise,2992,2014,Un,LOW,374000,HIGH SALES
356250,312500,Germany,12/1/2014,Medium,18750,375000,120,December,12,Velo,43750,300,Small Business,1250,2014,Ge,HIGH,375000,HIGH SALES
356250,312500,Germany,12/1/2014,Medium,18750,375000,260,December,12,Amarilla,43750,300,Small Business,1250,2014,Ge,HIGH,375000,HIGH SALES
358560,358560,France,7/1/2014,Low,14940,373500,10,July,7,Paseo,0,125,Enterprise,2988,2014,Fr,FALSE,373500,HIGH SALES
358776,339750,Germany,11/1/2014,High,48924,407700,10,November,11,Paseo,19026,300,Small Business,1359,2014,Ge,HIGH,407700,HIGH SALES
360899,311740,Germany,4/1/2014,High,58751,419650,5,April,4,Montana,49159,350,Government,1199,2014,Ge,HIGH,419650,HIGH SALES
361452,331000,France,11/1/2014,Medium,35748,397200,10,November,11,Paseo,30452,300,Small Business,1324,2014,Fr,HIGH,397200,HIGH SALES
364722,341500,Canada,11/1/2014,High,45078,409800,10,November,11,Paseo,23222,300,Small Business,1366,2014,Ca,HIGH,409800,HIGH SALES
368676,311220,Mexico,11/1/2014,High,50274,418950,10,November,11,Paseo,57456,350,Government,1197,2014,Me,HIGH,418950,HIGH SALES
382788,343000,United States of America,12/1/2014,Medium,28812,411600,120,December,12,Velo,39788,300,Small Business,1372,2014,Un,HIGH,411600,HIGH SALES
382788,343000,United States of America,12/1/2014,Medium,28812,411600,260,December,12,Amarilla,39788,300,Small Business,1372,2014,Un,HIGH,411600,HIGH SALES
385581,333060,France,12/1/2013,High,62769,448350,250,December,12,VTT,52521,350,Government,1281,2013,Fr,HIGH,448350,HIGH SALES
385968,374000,Canada,10/1/2014,High,62832,448800,3,October,10,Carretera,11968,300,Small Business,1496,2014,Ca,HIGH,448800,HIGH SALES
385968,374000,Canada,10/1/2014,High,62832,448800,250,October,10,VTT,11968,300,Small Business,1496,2014,Ca,HIGH,448800,HIGH SALES
387618.75,413460,United States of America,4/1/2014,High,43068.75,430687.5,3,April,4,Carretera,-25841.25,125,Enterprise,3445.5,2014,Un,LOW,430687.5,HIGH SALES
391716,351000,Canada,11/1/2013,Medium,29484,421200,10,November,11,Paseo,40716,300,Small Business,1404,2013,Ca,HIGH,421200,HIGH SALES
404176.5,329940,Canada,10/1/2014,Medium,39973.5,444150,120,October,10,Velo,74236.5,350,Government,1269,2014,Ca,HIGH,444150,HIGH SALES
404176.5,329940,Canada,10/1/2014,Medium,39973.5,444150,260,October,10,Amarilla,74236.5,350,Government,1269,2014,Ca,HIGH,444150,HIGH SALES
407376,353625,Germany,4/1/2014,Low,16974,424350,10,April,4,Paseo,53751,300,Small Business,1414.5,2014,Ge,HIGH,424350,HIGH SALES
408310,319280,Canada,10/1/2013,Medium,21490,429800,10,October,10,Paseo,89030,350,Government,1228,2013,Ca,HIGH,429800,HIGH SALES
408310,319280,Canada,10/1/2013,Medium,21490,429800,260,October,10,Amarilla,89030,350,Government,1228,2013,Ca,HIGH,429800,HIGH SALES
408386.25,421560,Germany,7/1/2014,Medium,30738.75,439125,10,July,7,Paseo,-13173.75,125,Enterprise,3513,2014,Ge,LOW,439125,HIGH SALES
416279.5,339820,Germany,7/1/2014,Medium,41170.5,457450,120,July,7,Velo,76459.5,350,Government,1307,2014,Ge,HIGH,457450,HIGH SALES
419265,314600,Mexico,3/1/2014,Low,4235,423500,3,March,3,Carretera,104665,350,Government,1210,2014,Me,HIGH,423500,HIGH SALES
429660,362700,Mexico,7/1/2014,High,58590,488250,120,July,7,Velo,66960,350,Government,1395,2014,Me,HIGH,488250,HIGH SALES
430452.75,351390,United States of America,4/1/2014,Medium,42572.25,473025,250,April,4,VTT,79062.75,350,Government,1351.5,2014,Un,HIGH,473025,HIGH SALES
430706.25,435240,United States of America,7/1/2014,Medium,22668.75,453375,5,July,7,Montana,-4533.75,125,Enterprise,3627,2014,Un,LOW,453375,HIGH SALES
431112,390500,France,8/1/2014,Medium,37488,468600,5,August,8,Montana,40612,300,Small Business,1562,2014,Fr,HIGH,468600,HIGH SALES
438564,354120,Mexico,12/1/2014,Medium,38136,476700,3,December,12,Carretera,84444,350,Government,1362,2014,Me,HIGH,476700,HIGH SALES
438564,354120,Mexico,12/1/2014,Medium,38136,476700,10,December,12,Paseo,84444,350,Government,1362,2014,Me,HIGH,476700,HIGH SALES
448875,351000,Germany,2/1/2014,Medium,23625,472500,260,February,2,Amarilla,97875,350,Government,1350,2014,Ge,HIGH,472500,HIGH SALES
457995,401750,Mexico,4/1/2014,Medium,24105,482100,10,April,4,Paseo,56245,300,Small Business,1607,2014,Me,HIGH,482100,HIGH SALES
460346.25,359970,France,1/1/2014,Medium,24228.75,484575,5,January,1,Montana,100376.25,350,Government,1384.5,2014,Fr,HIGH,484575,HIGH SALES
462861,414750,France,7/1/2014,Medium,34839,497700,120,July,7,Velo,48111,300,Small Business,1659,2014,Fr,HIGH,497700,HIGH SALES
468072,443250,France,4/1/2014,High,63828,531900,5,April,4,Montana,24822,300,Small Business,1773,2014,Fr,HIGH,531900,HIGH SALES
474858,425500,Canada,5/1/2014,Medium,35742,510600,10,May,5,Paseo,49358,300,Small Business,1702,2014,Ca,HIGH,510600,HIGH SALES
480340,379600,Germany,5/1/2014,Medium,30660,511000,5,May,5,Montana,100740,350,Government,1460,2014,Ge,HIGH,511000,HIGH SALES
484060.5,363220,Mexico,10/1/2014,Low,4889.5,488950,3,October,10,Carretera,120840.5,350,Government,1397,2014,Me,HIGH,488950,HIGH SALES
484060.5,363220,Mexico,10/1/2014,Low,4889.5,488950,250,October,10,VTT,120840.5,350,Government,1397,2014,Me,HIGH,488950,HIGH SALES
490952,414440,France,11/1/2014,High,66948,557900,10,November,11,Paseo,76512,350,Government,1594,2014,Fr,HIGH,557900,HIGH SALES
492184,388960,France,6/1/2014,Medium,31416,523600,10,June,6,Paseo,103224,350,Government,1496,2014,Fr,HIGH,523600,HIGH SALES
492184,388960,France,6/1/2014,Medium,31416,523600,120,June,6,Velo,103224,350,Government,1496,2014,Fr,HIGH,523600,HIGH SALES
508032,432000,Germany,5/1/2014,Low,10368,518400,10,May,5,Paseo,76032,300,Small Business,1728,2014,Ge,HIGH,518400,HIGH SALES
509691,466750,United States of America,9/1/2014,Medium,50409,560100,250,September,9,VTT,42941,300,Small Business,1867,2014,Un,HIGH,560100,HIGH SALES
514524.375,509220,France,4/1/2014,Low,15913.125,530437.5,3,April,4,Carretera,5304.375,125,Enterprise,4243.5,2014,Fr,HIGH,530437.5,HIGH SALES
527437.5,506340,Germany,4/1/2014,None,0,527437.5,260,April,4,Amarilla,21097.5,125,Enterprise,4219.5,2014,Ge,HIGH,527437.5,HIGH SALES
529550,393380,Germany,12/1/2014,None,0,529550,3,December,12,Carretera,136170,350,Government,1513,2014,Ge,HIGH,529550,HIGH SALES
529550,393380,Germany,12/1/2014,None,0,529550,10,December,12,Paseo,136170,350,Government,1513,2014,Ge,HIGH,529550,HIGH SALES
530621,433160,France,5/1/2014,Medium,52479,583100,5,May,5,Montana,97461,350,Government,1666,2014,Fr,HIGH,583100,HIGH SALES
534450,397020,France,9/1/2013,None,0,534450,250,September,9,VTT,137430,350,Government,1527,2013,Fr,HIGH,534450,HIGH SALES
535392,464750,Germany,8/1/2014,Low,22308,557700,5,August,8,Montana,70642,300,Small Business,1859,2014,Ge,HIGH,557700,HIGH SALES
545055,465400,France,3/1/2014,High,81445,626500,3,March,3,Carretera,79655,350,Government,1790,2014,Fr,HIGH,626500,HIGH SALES
545334,468500,Canada,8/1/2014,Low,16866,562200,250,August,8,VTT,76834,300,Small Business,1874,2014,Ca,HIGH,562200,HIGH SALES
552391,436540,Mexico,9/1/2014,Medium,35259,587650,260,September,9,Amarilla,115851,350,Government,1679,2014,Me,HIGH,587650,HIGH SALES
557459,426920,Mexico,8/1/2014,Low,17241,574700,250,August,8,VTT,130539,350,Government,1642,2014,Me,HIGH,574700,HIGH SALES
563304,479000,Canada,12/1/2014,Low,11496,574800,10,December,12,Paseo,84304,300,Small Business,1916,2014,Ca,HIGH,574800,HIGH SALES
563304,479000,Canada,12/1/2014,Low,11496,574800,260,December,12,Amarilla,84304,300,Small Business,1916,2014,Ca,HIGH,574800,HIGH SALES
567600,537500,Mexico,11/1/2014,High,77400,645000,10,November,11,Paseo,30100,300,Small Business,2150,2014,Me,HIGH,645000,HIGH SALES
573205.5,457860,United States of America,3/1/2014,Medium,43144.5,616350,3,March,3,Carretera,115345.5,350,Government,1761,2014,Un,HIGH,616350,HIGH SALES
578522,499720,France,11/1/2013,High,94178,672700,10,November,11,Paseo,78802,350,Government,1922,2013,Fr,HIGH,672700,HIGH SALES
582048,505250,Germany,10/1/2014,Low,24252,606300,3,October,10,Carretera,76798,300,Small Business,2021,2014,Ge,HIGH,606300,HIGH SALES
582048,505250,Germany,10/1/2014,Low,24252,606300,5,October,10,Montana,76798,300,Small Business,2021,2014,Ge,HIGH,606300,HIGH SALES
588984,533500,Canada,9/1/2014,Medium,51216,640200,250,September,9,VTT,55484,300,Small Business,2134,2014,Ca,HIGH,640200,HIGH SALES
589050,486200,Germany,12/1/2013,High,65450,654500,250,December,12,VTT,102850,350,Government,1870,2013,Ge,HIGH,654500,HIGH SALES
597082.5,521820,United States of America,11/1/2013,High,105367.5,702450,10,November,11,Paseo,75262.5,350,Government,2007,2013,Un,HIGH,702450,HIGH SALES
597408,462280,Canada,12/1/2013,Low,24892,622300,260,December,12,Amarilla,135128,350,Government,1778,2013,Ca,HIGH,622300,HIGH SALES
600300,500250,Canada,2/1/2014,None,0,600300,250,February,2,VTT,100050,300,Small Business,2001,2014,Ca,HIGH,600300,HIGH SALES
603750,448500,Canada,11/1/2013,None,0,603750,10,November,11,Paseo,155250,350,Government,1725,2013,Ca,HIGH,603750,HIGH SALES
608499,545250,France,10/1/2014,Medium,45801,654300,3,October,10,Carretera,63249,300,Small Business,2181,2014,Fr,HIGH,654300,HIGH SALES
608499,545250,France,10/1/2014,Medium,45801,654300,5,October,10,Montana,63249,300,Small Business,2181,2014,Fr,HIGH,654300,HIGH SALES
610081.5,467220,Germany,9/1/2013,Low,18868.5,628950,5,September,9,Montana,142861.5,350,Government,1797,2013,Ge,HIGH,628950,HIGH SALES
619380,573500,United States of America,10/1/2013,High,68820,688200,120,October,10,Velo,45880,300,Small Business,2294,2013,Un,HIGH,688200,HIGH SALES
619380,573500,United States of America,10/1/2013,High,68820,688200,250,October,10,VTT,45880,300,Small Business,2294,2013,Un,HIGH,688200,HIGH SALES
626640,484900,Mexico,2/1/2014,Low,26110,652750,260,February,2,Amarilla,141740,350,Government,1865,2014,Me,HIGH,652750,HIGH SALES
631125,618750,France,3/1/2014,High,111375,742500,260,March,3,Amarilla,12375,300,Small Business,2475,2014,Fr,HIGH,742500,HIGH SALES
634680,615000,United States of America,7/1/2014,High,103320,738000,120,July,7,Velo,19680,300,Small Business,2460,2014,Un,HIGH,738000,HIGH SALES
639922.5,559260,Mexico,11/1/2013,High,112927.5,752850,10,November,11,Paseo,80662.5,350,Government,2151,2013,Me,HIGH,752850,HIGH SALES
640752,495820,Germany,9/1/2014,Low,26698,667450,260,September,9,Amarilla,144932,350,Government,1907,2014,Ge,HIGH,667450,HIGH SALES
645300,537750,France,9/1/2014,None,0,645300,250,September,9,VTT,107550,300,Small Business,2151,2014,Fr,HIGH,645300,HIGH SALES
654288,634000,Germany,11/1/2013,High,106512,760800,120,November,11,Velo,20288,300,Small Business,2536,2013,Ge,HIGH,760800,HIGH SALES
655551.75,547170,Canada,7/1/2014,High,81023.25,736575,10,July,7,Paseo,108381.75,350,Government,2104.5,2014,Ca,HIGH,736575,HIGH SALES
655578,635250,United States of America,8/1/2014,High,106722,762300,250,August,8,VTT,20328,300,Small Business,2541,2014,Un,HIGH,762300,HIGH SALES
656370,643500,United States of America,11/1/2013,High,115830,772200,120,November,11,Velo,12870,300,Small Business,2574,2013,Un,HIGH,772200,HIGH SALES
659613.5,538460,United States of America,9/1/2014,Medium,65236.5,724850,260,September,9,Amarilla,121153.5,350,Government,2071,2014,Un,HIGH,724850,HIGH SALES
665420,504400,Mexico,12/1/2013,Low,13580,679000,250,December,12,VTT,161020,350,Government,1940,2013,Me,HIGH,679000,HIGH SALES
670477.5,579150,Canada,1/1/2014,High,109147.5,779625,5,January,1,Montana,91327.5,350,Government,2227.5,2014,Ca,HIGH,779625,HIGH SALES
678960,615000,Mexico,6/1/2014,Medium,59040,738000,10,June,6,Paseo,63960,300,Small Business,2460,2014,Me,HIGH,738000,HIGH SALES
678960,615000,Mexico,6/1/2014,Medium,59040,738000,260,June,6,Amarilla,63960,300,Small Business,2460,2014,Me,HIGH,738000,HIGH SALES
679905,651250,Mexico,11/1/2013,High,101595,781500,120,November,11,Velo,28655,300,Small Business,2605,2013,Me,HIGH,781500,HIGH SALES
683004,539760,France,10/1/2013,Medium,43596,726600,120,October,10,Velo,143244,350,Government,2076,2013,Fr,HIGH,726600,HIGH SALES
683004,539760,France,10/1/2013,Medium,43596,726600,260,October,10,Amarilla,143244,350,Government,2076,2013,Fr,HIGH,726600,HIGH SALES
683397,575250,United States of America,4/1/2014,Low,6903,690300,5,April,4,Montana,108147,300,Small Business,2301,2014,Un,HIGH,690300,HIGH SALES
686952,609000,Canada,12/1/2013,Medium,43848,730800,250,December,12,VTT,77952,300,Small Business,2436,2013,Ca,HIGH,730800,HIGH SALES
691012,557960,Germany,11/1/2013,Medium,60088,751100,10,November,11,Paseo,133052,350,Government,2146,2013,Ge,HIGH,751100,HIGH SALES
700245,641250,Mexico,1/1/2014,Medium,69255,769500,10,January,1,Paseo,58995,300,Small Business,2565,2014,Me,HIGH,769500,HIGH SALES
705600,582400,Canada,2/1/2014,High,78400,784000,260,February,2,Amarilla,123200,350,Government,2240,2014,Ca,HIGH,784000,HIGH SALES
708439.5,608625,France,1/1/2014,Low,21910.5,730350,10,January,1,Paseo,99814.5,300,Small Business,2434.5,2014,Fr,HIGH,730350,HIGH SALES
725907,664750,Germany,2/1/2014,Medium,71793,797700,250,February,2,VTT,61157,300,Small Business,2659,2014,Ge,HIGH,797700,HIGH SALES
728595,601380,United States of America,5/1/2014,High,80955,809550,5,May,5,Montana,127215,350,Government,2313,2014,Un,HIGH,809550,HIGH SALES
731472,566020,France,10/1/2014,Low,30478,761950,120,October,10,Velo,165452,350,Government,2177,2014,Fr,HIGH,761950,HIGH SALES
731472,566020,France,10/1/2014,Low,30478,761950,250,October,10,VTT,165452,350,Government,2177,2014,Fr,HIGH,761950,HIGH SALES
741906,624500,United States of America,9/1/2013,Low,7494,749400,5,September,9,Montana,117406,300,Small Business,2498,2013,Un,HIGH,749400,HIGH SALES
746707.5,560300,France,12/1/2014,Low,7542.5,754250,3,December,12,Carretera,186407.5,350,Government,2155,2014,Fr,HIGH,754250,HIGH SALES
746707.5,560300,France,12/1/2014,Low,7542.5,754250,10,December,12,Paseo,186407.5,350,Government,2155,2014,Fr,HIGH,754250,HIGH SALES
750537,702750,Germany,7/1/2014,High,92763,843300,3,July,7,Carretera,47787,300,Small Business,2811,2014,Ge,HIGH,843300,HIGH SALES
766413,686750,Mexico,2/1/2014,Medium,57687,824100,250,February,2,VTT,79663,300,Small Business,2747,2014,Me,HIGH,824100,HIGH SALES
769814.5,628420,Mexico,1/1/2014,Medium,76135.5,845950,10,January,1,Paseo,141394.5,350,Government,2417,2014,Me,HIGH,845950,HIGH SALES
801444,684320,Canada,6/1/2014,High,119756,921200,10,June,6,Paseo,117124,350,Government,2632,2014,Ca,HIGH,921200,HIGH SALES
801444,684320,Canada,6/1/2014,High,119756,921200,120,June,6,Velo,117124,350,Government,2632,2014,Ca,HIGH,921200,HIGH SALES
808110,748250,United States of America,3/1/2014,High,89790,897900,260,March,3,Amarilla,59860,300,Small Business,2993,2014,Un,HIGH,897900,HIGH SALES
827604,711000,United States of America,2/1/2014,Low,25596,853200,250,February,2,VTT,116604,300,Small Business,2844,2014,Un,HIGH,853200,HIGH SALES
840384,729500,United States of America,5/1/2014,Low,35016,875400,10,May,5,Paseo,110884,300,Small Business,2918,2014,Un,HIGH,875400,HIGH SALES
848172.5,741260,Mexico,5/1/2014,High,149677.5,997850,10,May,5,Paseo,106912.5,350,Government,2851,2014,Me,HIGH,997850,HIGH SALES
862785,726250,United States of America,11/1/2014,Low,8715,871500,10,November,11,Paseo,136535,300,Small Business,2905,2014,Un,HIGH,871500,HIGH SALES
884205,729820,United States of America,8/1/2014,High,98245,982450,250,August,8,VTT,154385,350,Government,2807,2014,Un,HIGH,982450,HIGH SALES
922680,873750,United States of America,1/1/2014,High,125820,1048500,10,January,1,Paseo,48930,300,Small Business,3495,2014,Un,HIGH,1048500,HIGH SALES
936138,747760,France,9/1/2014,Medium,70462,1006600,260,September,9,Amarilla,188378,350,Government,2876,2014,Fr,HIGH,1006600,HIGH SALES
962500,715000,France,2/1/2014,None,0,962500,260,February,2,Amarilla,247500,350,Government,2750,2014,Fr,HIGH,962500,HIGH SALES
978236,741520,Canada,12/1/2014,Low,19964,998200,3,December,12,Carretera,236716,350,Government,2852,2014,Ca,HIGH,998200,HIGH SALES
978236,741520,Canada,12/1/2014,Low,19964,998200,10,December,12,Paseo,236716,350,Government,2852,2014,Ca,HIGH,998200,HIGH SALES
986811,748020,Germany,10/1/2014,Low,20139,1006950,120,October,10,Velo,238791,350,Government,2877,2014,Ge,HIGH,1006950,HIGH SALES
986811,748020,Germany,10/1/2014,Low,20139,1006950,250,October,10,VTT,238791,350,Government,2877,2014,Ge,HIGH,1006950,HIGH SALES
1017338,771160,Germany,10/1/2013,Low,20762,1038100,120,October,10,Velo,246178,350,Government,2966,2013,Ge,HIGH,1038100,HIGH SALES
1017338,771160,Germany,10/1/2013,Low,20762,1038100,260,October,10,Amarilla,246178,350,Government,2966,2013,Ge,HIGH,1038100,HIGH SALES
1035625.5,948375,Canada,7/1/2014,Medium,102424.5,1138050,120,July,7,Velo,87250.5,300,Small Business,3793.5,2014,Ca,HIGH,1138050,HIGH SALES
1038082.5,950625,Canada,4/1/2014,Medium,102667.5,1140750,5,April,4,Montana,87457.5,300,Small Business,3802.5,2014,Ca,HIGH,1140750,HIGH SALES
1159200,897000,United States of America,7/1/2014,Low,48300,1207500,10,July,7,Paseo,262200,350,Government,3450,2014,Un,HIGH,1207500,HIGH SALES
,,,,,,,,,,,,,,,,,,,
,,,,,,,,,,,,,,,,,,,
,SUM OF SALES,"$118,726,350.26",,,,,,,,,,,,,,,,,
,SUM OF PROFIT,"$16,893,702.26",,,,,,,,,,,,,,,,,
,SUM OF UNIT SOLD,1125806.00,,,,,,,,,,,,,,,,,
,AVERAGE SALES,"$169,609.07",,,,,,,,,,,,,,,,,
,AVERAGE PROFIT,"$24,133.86",,,,,,,,,,,,,,,,,
,AVERAGE UNIT SOLD,1608.294286,,,,,,,,,,,,,,,,,
,HIGHEST PROFIT,262200,,,,,,,,,,,,,,,,,
,LOWEST PROFIT,-406617.5,,,,,,,,,,,,,,,,,
,TOTAL REVENUE,"$127,931,598.50",,,,,,,,,,,,,,,,,
,AVERAGE REVENUE,182759.4264,,,,,,,,,,,,,,,,,
